name,standard,ingredient,step,url
감자조림,,물@약 2와2/3컵(470g)$감자@2개(400g)$양파@1/2개(125g)$진간장@약 2/3컵(120g)$물엿@약 1/3컵(65g)$소고기(불고기용)@2/3컵(60g)$황설탕@약 4큰술(47g)$꽈리고추@약 4개(22g)$간마늘@1/2큰술(10g)$,"1. 소고기는 길이 4cm 먹기 좋은 크기로 잘라 준비한다. 
2. 감자는 사방 3cm 크기로 잘라 준비한다. 
3. 꽈리고추는 3~4등분으로 자르고 양파는 사방 2cm 깍둑썰기 한다. 
4. 깊은 프라이팬이나 냄비에 감자, 소고기, 물, 황설탕, 물엿을 넣고 강불에 올린다. 
   * 크기가 큰 고기는 가위를 이용하여 자른다. 
   * 고기를 체에 밭친 후 흐르는 물에 가볍게 헹궈서 사용하면 국물을 깔끔하게 완성할 수 있다. 
   * 고기가 뭉치지 않도록 한 장씩 풀어준다. 
5. 양념장이 끓어 오르면 양파를 넣고 함께 끓인다. 
6. 다시 끓어오르면 진간장, 간 마늘을 넣고 중불로 줄여 약 7~8분 정도 조린 후 불을 끄고 꽈리고추를 넣어 섞은 후 완성한다. 
   * 바로 먹는 경우를 제외하고 완성된 감자조림을 충분히 식힌 후 밀폐통에 담아 냉장보관한다.   
   * 완전히 으깨지는 정도의 감자를 원한다면 물을 추가하여 조리는 시간을 늘린다.",https://www.youtube.com/watch?v=3gQwydGHIG8&list=PLoABXt5mipg6mIdGKBuJlv5tmQFAQ3OYr&index=1
닭개장,약 3인분 기준,물@약 11컵(2L)$닭가슴살@1팩(약300g)$대파@3대(300g)$느타리버섯@2컵(80g)$양파@약 1/4개(70g)$숙주@1컵(70g)$부추@약 2/3컵(25g)$국간장@1/5컵(40g)$굵은 고춧가루@약1/3컵(26g)$간 마늘@1큰술(20g)$참기름@2큰술(14g)$식용유@1큰술(7g)$꽃소금@2/3큰술(8g)$달걀@1개$후추가루@약간$간 생강@약간$,"1. 닭가슴살은 물에 세척하여 준비한다. 
2. 냄비에 물,  닭가슴살을 넣고 끓어 오르면 중불로 줄인 후 약 10분 삶는다.   
3. 닭가슴살이 익으면 건져내어 육수와 닭고기를 따로 준비한다. 
4. 대파는 길게 반 갈라 5~6cm 길이로 잘라 준비한다. 
5. 부추는 5cm 길이로 잘라 준비한다. 
6. 느타리버섯은 잘게 찢어 준비하고, 양파는 두께 0.4cm로 채 썰어 준비한다. 
7. 닭가슴살이 식으면 결대로 찢는다. 
   *칼로 썰을 경우 끓이면서 살이 으스러질 수 있으니 주의한다. 
8. 냄비에 참기름, 식용유, 대파를 넣고 대파의 숨이 죽을 때 까지 볶는다. 
9. 약불로 줄인 후 굵은고추가루를 넣고 볶아 고추기름을 뺀다. 
10. 육수를 냄비에 넣은 후 느타리버섯, 양파, 닭가슴살, 간 생강, 간 마늘, 국간장, 꽃소금을 넣고 강불에 끓인다. 
   *간 생강을 많이 넣을 경우 맛이 변할 수 있으니 주의한다.  
   *꽃소금은 기호에 맞게 조금씩 넣어가며 간을 맞추는 것이 좋다. 
   *기호에 맞게 MSG나 소고기 다시다를 추가한다. 
11. 바글바글 끓어 오르면 중불로 줄인 후 약 15~20분 끓인다. 
12. 달걀을 살짝 풀어 끓고 있는 닭개장에 둘러 넣은 후 부추, 숙주를 넣고 약 1분 정도 끓인다. 
13. 닭개장을 그릇에 옮겨 담은 후 후춧가루를 뿌려 완성한다.",https://www.youtube.com/watch?v=FdL13qXf4MA&list=PLoABXt5mipg6mIdGKBuJlv5tmQFAQ3OYr&index=2
콩국수,,"*콩물
정수 물@약 1과 1/2컵(250g)$두부@1/2모(150g)$땅콩버터@약 1큰술(23g)$통깨@약 2와 1/2큰술(15g)$황설탕@약 1큰술(10g)$꽃소금@1/3큰술(4g)$
*콩국수
소면@100g$오이채@10g$방울토마토@1/2개$콩물@전량$각 얼음@약간$","*콩물 
1. 믹서기에 통깨, 두부, 정수 물, 황설탕, 꽃소금, 땅콩버터를 넣고 곱게 갈아 준비한다. 
   * 두부와 함께 들어있는 물을 넣어도 좋다. 
   * 1컵의 물양에 얼음 1/2컵을 넣고 갈아도 좋다. 
   * 물 대신 우유를 사용하면 더욱 고소한 맛을 낼 수 있다. 
*콩국수 
1. 냄비에 국수 삶을 물을 넣고 강불에 끓인다. 
2. 물이 바글바글 끓으면 소면을 펼쳐 넣고 약 4분 삶는다. 
   * 물이 끓어 올라 거품이 넘치려고 하면 물을 반 컵씩 붓는다. ( 2~3번 반복 ) 
3. 삶은 면은 체에 밭쳐 건져낸 후 찬물에 빨듯이 강하게 비벼서 전분기를 씻어낸다. 
4. 국수 그릇에 면을 보기 좋게 담은 후 콩물을 붓는다. 
5. 면 위에 오이채, 방울토마토를 올리고 콩물에 각 얼음을 띄워 완성한다. 
   * 오이는 길이 5cm, 두께 0.3cm로 채 썰고, 방울토마토는 꼭지를 제거한 후 반으로 갈라 준비한다.",https://www.youtube.com/watch?v=JzyYs3lV2Gs&list=PLoABXt5mipg6mIdGKBuJlv5tmQFAQ3OYr&index=3
순대볶음,,"*양념장
진간장@약 4큰술(38g)$간 마늘@약 2큰술(38g)$굵은 고춧가루@3과 1/2큰술(28g)$황설탕@1과 1/3큰술(16g)$고추장@약 2/3큰술(15g)$물@1/2컵(90g)$후춧가루@약간$
*순대볶음
순대@1/2팩(250g)$물@1/2컵(90g)$양배추@약 4컵(180g)$양파@약 1/2개(100g)$대파@약 1/2대(60g)$들깻가루@약 3큰술(22g)$깻잎@10장(20g)$식용유@약 3큰술(20g)$청양고추@2개(20g)$양념장@전량$","1. 대파는 길게 반 갈라 길이 6cm로 썰어 준비한다. 
2. 양배추는 결 반대 두께 0.5cm 두께로 잘라 준비한다. 
3. 양파는 0.5cm 두께로 채 썰고, 깻잎은 반으로 가른 후 두께 1cm로 잘라 준비한다. 
4. 청양고추는 두께 0.3cm로 송송 썰어 준비한다. 
   *두껍게 썰은 청양고추와 섞어서 사용해도 좋다. 
5. 순대는 두께 1.5cm로 썰어 준비한다. 
   *너무 가늘게 썰 경우 터질 수 있으니 주의한다. 
6. 굵은 고춧가루, 진간장, 황설탕, 간 마늘, 고추장, 후춧가루, 물을 넣고 섞어 양념장을 만든다. 
   *기호에 맞게 소고기 다시다, MSG를 추가한다. 
7. 프라이팬에 식용유를 두른 후 강불에 올린다. 
8. 양파를 넣고 지글지글 거리면 양배추, 대파를 넣고 함께 볶는다. 
9. 채소가 반 정도 익으면 양념장을 넣고 고추기름이 나오도록 볶는다. 
   *양념장이 탈 것 같을 때에는 불을 약하게 줄인 후 볶는다. 
10. 물, 들깻가루를 넣고 섞은 후 졸여가며 볶는다. 
11. 순대가 익고 양념이 자작하게 졸아들면 준비해 둔 깻잎을 잘 풀어 올린 후 청양고추와 함께 약불에서 볶아가며 먹는다. 
    *기호에 맞게 슬라이스 치즈를 올려도 좋다.",https://www.youtube.com/watch?v=oUvPWwmvoPM&list=PLoABXt5mipg6mIdGKBuJlv5tmQFAQ3OYr&index=4
깻잎무침,,깻잎@30장$대파@약 1/3대(30g)$홍고추@1개(10g)$청양고추@2개(20g)$양파@1/5개(50g)$당근@1/9개(30g)$황설탕@약 2큰술(21g)$간 마늘@약 2/3큰술(13g)$진간장@4큰술(40g)$멸치액젓@약 3큰술(25g)$정수물@약 1/3컵(64g)$굵은 고춧가루@약 3큰술(27g)$간 깨@약 1과1/2큰술(10g)$,"1. 대파, 홍고추, 청양고추는 길게 반으로 갈라 두께 0.2cm로 송송 썬다. 
2. 양파는 결 반대 방향으로 반을 자른 후 두께 0.2cm로 채 썬다. 
3. 당근은 길이 4cm,두께 0.2cm로 채 썬다. 
4. 깊은 그릇에 손질한 채소를 모두 넣은 후 황설탕, 간 마늘, 진간장, 멸치액젓, 정수물, 굵은 고춧가루, 간 깨를 넣고 섞는다. 
   *깨는 절구에 갈거나 비닐봉지에 담은 후 병이나 밀대로 밀어 사용한다. 
   *골고루 섞은 후 채소에서 물이 나올 때까지 두면 양념이 부드러워지고 맛이 좋다. 
   *바로 먹을 경우 기호에 맞게 참기름을 추가해도 좋다. 
5. 넓적한 그릇을 준비한 후 바닥에 양념장을 약 1/2큰술을 바른 후 깻잎을 올린다. 
6. 깻잎 위에 또 다시 양념장 약 1/2큰술을 바르고 깻잎을 올린다. 
7. (6)의 과정을 반복하여 완성한 후 바로 먹을 만큼만 접시에 담고, 남은 깻잎 무침은 밀폐용기에 담아 보관한다.",https://www.youtube.com/watch?v=C_PYoYG1fWY&list=PLoABXt5mipg6mIdGKBuJlv5tmQFAQ3OYr&index=5
셀러리돼지고기볶음,,셀러리(大)@250g$돼지고기 뒷다리살(불고기용)@150g$대파@약 1/2대(60g)$식용유@6큰술(42g)$간 마늘@약 2큰술(17g)$진간장@약 1과 1/2큰술(17g)$굴소스@약 1큰술(12g)$,"1. 셀러리는 뿌리 쪽을 잘라낸다. 
2. 이파리를 제거 한 후 1cm 두께로 송송 썰어 준비한다. 
   * 두꺼운 부분은 반 갈라 송송 썬다. 
2. 돼지고기는 반을 자른 후 1cm 두께로 굵게 채 썬다. 
3. 대파는 칼날로 두들겨 펼친 후 0.5cm 두께로 송송 썬다. 
4. 프라이팬에 식용유를 두른 후 대파를 넣고 강 불에 올려 파기름을 낸다. 
5. 대파 향이 올라오면 간 마늘을 넣고 함께 볶은 후 돼지고기를 넣어 잘 풀어가며 볶는다. 
6. 돼지고기가 하얗게 익으면 굴소스, 진간장을 넣고 볶는다. 
7. 셀러리를 넣고 투명 빛이 돌 때 까지 살짝 볶아 완성한다.  ",https://www.youtube.com/watch?v=1hZU9_OLcDU&list=PLoABXt5mipg6mIdGKBuJlv5tmQFAQ3OYr&index=6
돼지고기토마토스튜,,토마토@1과1/2개(345g)$감자@약 1/3개(70g)$셀러리@약 1/3컵(40g)$양파@1/2개(125g)$식용유@약 6큰술(40g)$돼지고기 뒷다리살(카레용)@200g$물@약 4컵(700g)$토마토 주스@약 2/3컵(100g)$진간장@약 1과1/2큰술(14g)$케첩@1과1/2큰술(30g)$식초@약 1큰술(10g)$맛소금@약 1/3큰술(4g)$버터@약간$후춧가루@약간$파슬리@약간$,"1. 토마토, 양파는 약 2cm 길이로 깍뚝 썰기 한다. 
2. 감자는 껍질을 제거한 후 1.5cm 길이로 깍뚝 썰기 한다.  
3. 셀러리 줄기는 0.5cm 두께로 송송 썬다. 
   * 너무 두꺼운 부분은 길게 반으로 갈라 송송 썬다. 
4. 프라이팬에 식용유를 넣고 강불에 예열한다. 
5. 돼지고기를 넣고 튀기듯이 볶는다. 
6. 돼지고기가 전체적으로 노릇해지기 시작하면 양파를 넣고 고기가 완전히 노릇해질 때 까지 볶는다. 
7. 감자, 토마토, 셀러리를 넣고 볶는다. 
8. 물, 토마토 주스, 진간장, 케첩, 식초, 맛소금을 넣고 끓으면 중불로 줄여 약 15분 정도 끓인다. 
   * 매콤한 맛을 원한다면 이때 고운 고춧가루를 추가해도 좋다. 
   * 월계수 잎이 있다면 넣고 함께 끓여준다. 
9. 농도가 난 스튜를 그릇에 옮겨 담은 후 버터를 올린다. 
10. 후춧가루, 파슬리가루를 뿌려 완성한다. 
   * 기호에 맞게 밥이나 식빵과 함께 먹는다.",https://www.youtube.com/watch?v=1Lc70M38LTk&list=PLoABXt5mipg6mIdGKBuJlv5tmQFAQ3OYr&index=7
캘리포니아롤,,"*밥 밑간하기(4줄 기준)
식초@약 1/4컵(48g)$황설탕@약 1/3컵(48g)$꽃소금@1/2큰술(6g)$밥@900g$
*게살버전(2줄 기준)
밑간 한 밥@450g$게살@6개(106g)$마요네즈@약 4와 1/2큰술(70g)$양파@1/5개(50g)$단무지@2장(30g)$황설탕@1/3큰술(4g)$김밥김@2장$달걀지단@4줄$오이@2줄$날치알@약간$
*참치버전(2줄 기준)
밑간 한 밥@450g$통조림참치@1캔(150g)$마요네즈@약 4와 1/2큰술(70g)$양파@1/5개(50g)$단무지@2장(30g)$고운 고춧가루@1큰술(6g)$황설탕@1/3큰술(4g)$김밥김@2장$깻잎@4장$오이채@약간$날치알@약간$","*밥 밑간하기 
1. 프라이팬에 황설탕, 식초, 꽃소금을 넣고 황설탕과 꽃소금이 녹을 때까지 약불에서 주걱으로 저어가며 끓인다. 
2. 따뜻한 밥에 초대리를 조금씩 넣어가며 주걱으로 골고루 섞어 완성한다. 
   *초대리가 겉돌지 않고 밥에 스며들 때까지 섞는다. 
   *밥알이 눌리지 않도록 주걱으로 밥을 갈라주면서 섞는다. 
*참치버전 
1. 양파, 단무지는 두께 0.3cm로 잘게 다져 준비한다. 
2. 참치는 체에 밭쳐 기름기를 제거하여 준비한다. 
3. 깊은 볼에 참치, 양파, 단무지, 마요네즈, 황설탕, 고운 고춧가루를 넣고 잘 섞어 속재료를 완성한다. 
4. 김발을 랩으로 씌워 도마 위에 올린 후 김을 올리고 밑간한 밥을 전체적으로 얇게 펼친다. 
   *밥을 김의 3/4 정도까지만 펼쳐도 좋다. 
   *밥을 펼칠 때 식초물을 손에 묻혀가며 펼치면 좋다. 
5. 밥을 올린 김을 그대로 뒤집은 후 앞 쪽에 깻잎을 깔고 그 위에 참치 속을 가로로 길게 올린다. 
   *밥을 3/4 정도까지만 펼친 경우 뒤집은 후 밥이 없는 부분을 접는다. 
6. 참치 속 옆에 오이채를 올린 후 김발을 이용하여 꾹꾹 눌러가며 터지지 않게 말아준다. 
   *오이는 양 끝을 잘라낸 후 두께 0.5cm로 채 썰어 사용한다. 
7. 날치알을 넓은 쟁반이나 그릇에 담은 뒤 롤을 굴려가며 골고루 묻혀 자르거나, 먹기 좋은 크기로 자른 후 위에 날치알을 뿌려 완성한다. 
   *젖은 행주를 준비한 뒤 칼을 닦아가며 썰어주면 깔끔하게 썰 수 있다. 
*게살버전 
1. 양파, 단무지는 두께 0.3cm로 잘게 다져 준비한다. 
2. 깊은 볼에 게살, 양파, 단무지, 황설탕, 마요네즈를 넣고 손으로 눌러서 게살을 풀어가며 골고루 섞는다. 
3. 후춧가루를 넣고 섞어 속재료를 완성한다. 
4. 김발을 랩으로 씌워 도마 위에 올린 후 김을 올리고 밑간 한 밥을 김의 3/4 정도까지 얇게 펼친다. 
   *밥을 전체적으로 펼쳐도 좋다. 
   *밥을 펼칠 때 정수물이나 식초물을 손에 묻혀가며 펼치면 좋다. 
5. 밥을 올린 김을 그대로 뒤집은 후 밥이 없는 부분을 안쪽으로 접는다. 
6. 앞 쪽에 달걀 지단을 올린 후 그 위에 게살 속, 막대 모양으로 썰어 둔 오이를 순서대로 올린다. 
   *오이는 양 끝을 잘라낸 후 길게 6등분으로 잘라 씨를 제거하여 사용한다. 
7. 날치알을 넓은 쟁반이나 그릇에 담은 뒤 롤을 굴려가며 골고루 묻혀 자르거나, 먹기 좋은 크기로 자른 후 위에 날치알을 뿌려 완성한다. 
   *젖은 행주를 준비한 뒤 칼을 닦아가며 썰어주면 깔끔하게 썰 수 있다. 
   *기호에 맞게 날치알은 올리지 않아도 좋다.",https://www.youtube.com/watch?v=tRf3oA4J1ok&list=PLoABXt5mipg6mIdGKBuJlv5tmQFAQ3OYr&index=9
어묵듬뿍라면,,"라면@1개$물@3과 1/2컵(630ml)$얇은 사각어묵@2장(80g)$청양고추@2개(20g)$콩나물@약 1과 1/2컵(100g)$대파@약 1/4대(20g)$국간장@1큰술(10g)$
마라소스 약 2큰술(25g) ( *취향에 맞게 넣어주세요. )","1. 냄비에 물, 다시마, 건더기스프, 콩나물을 넣고 강 불에 끓인다. 
2. 사각어묵은 반으로 잘라 두께 약 0.5cm 정도로 채 썰어 준비한다. 
3. 청양고추, 대파는 두께 0.3cm로 송송 썰어 준비한다. 
4. 육수가 끓어 오르면 준비해둔 어묵과 라면사리, 국간장을 넣고 끓인다. 
5. 면이 전체적으로 한 가닥씩 풀어지면 마라소스를 넣어 잘 섞어가며 약 1분정도 끓인다. 
   *마라소스가 없다면 굵은고추가루를 넣고 끓여도 좋다. 
6. 청양고추, 대파를 넣고 섞어 완성한다.",https://www.youtube.com/watch?v=qVtqpAfJNb4&list=PLoABXt5mipg6mIdGKBuJlv5tmQFAQ3OYr&index=11
볶음고추장,,"*볶음고추장
양파@3/5개(150g)$대파@약 1/3개(30g)$식용유@약 1/3컵(60g)$간 마늘@약 1과 1/2큰술(28g)$다진소고기@1/2컵(50g)$진간장@1과1/2큰술(15g)$황설탕@약 3큰술(35g)$고추장@1컵(234g)$
*냉비빔라면
물(라면삶는용)@3컵(540ml)$라면사리@1개$볶음고추장@약 2와 1/2큰술(50g)$간깨@1/2큰술(3g)$식초@1큰술(8g)$","*볶음고추장 
1. 양파는 0.5cm 두께로 잘게 다져 준비한다. 
   *푸드커터기로 다져서 사용해도 좋다. 
2. 대파는 길게 반 갈라 0.3cm두께로 송송 썰어 준비한다. 
3. 깊은 프라이팬에 양파, 대파, 식용유, 간 마늘, 다진소고기를 넣고 강 불에 올린다. 
4. 재료가 익기 시작하면 중 불로 줄여 수분이 날아가고 기름만 남을 때 까지 볶는다. 
5. 강 불로 키운 후 재료가 노릇하게 눌리도록 볶은 후 가장자리로 밀어 둔다. 
6. 기름만 있는 빈 공간에 진간장을 넣고 끓으면 밀어 둔 재료와 함께 섞는다. 
7. 수분이 사라지면 황설탕을 넣고 볶은 후 제일 약한 불로 줄이고 고추장을 넣어 약 5분 정도 볶아 완성한다. 
   *부드러운 볶음고추장을 원한다면 물을 넣고 농도를 조절한다. 
   *완성 된 볶음고추장은 식힌 후 밀폐통에 담아 냉장 보관한다. 
*냉비빔라면 
1. 냄비에 라면 삶을 물과 라면사리를 넣고 강 불에 올려 면이 완전히 익을 때 까지 삶는다. 
   * 물을 먼저 올리고 끓은 후 라면사리를 넣고 삶아도 좋다. 
2.  다 익은 면은 체반에 밭쳐 찬물에 헹군 후 물기를 제거한다. 
3. 그릇에 삶은 라면사리를 담고 그 위에 볶음고추장, 간깨, 식초를 올려 완성한다.",https://www.youtube.com/watch?v=NtsoIQQXGsA&list=PLoABXt5mipg6mIdGKBuJlv5tmQFAQ3OYr&index=12
대패삼겹된장찌개,,대패삼겹살@200g$무@약 2컵(200g)$재래식된장@3큰술(60g)$고추장@1큰술(20g)$물@약 3과 1/2컵(650g)$황설탕@1/3큰술(4g)$간 마늘@1큰술(20g)$대파@약 1/3대(30g)$청양고추@3개(30g)$홍고추@1개(10g)$,"1. 무는 두께 0.5cm로 채 썰어 준비한다. 
   *채칼을 이용하여 썰어도 좋다. 
2. 대파, 청양고추, 홍고추는 두께 0.3cm로 송송 썰어 준비한다. 
3. 대패 삼겹살은 약 1/3정도 크기로 먹기 좋게 잘라 준비한다. 
   *고기의 크기는 원하는 정도로 자른다. 
4. 냄비에 대패삼겹살을 넣고 강 불에 볶는다.  
   *기름이 없는 부위의 고기를 사용 할 경우 식용유를 넣고 함께 볶는다. 
5. 고기에서 기름이 나오고 노릇노릇해지기 시작하면 무를 넣고 함께 볶는다. 
   *냄비에 들러 붙은 고기는 타지 않게 잘 긁어가며 볶는다. 
6. 무가 부드럽게 휘어지면 된장, 고추장을 넣고 볶는다. 
7. 물, 황설탕을 넣고 바글바글 끓어 오르면 간 마늘을 넣은 후 중 약불로 줄여 약 15분 끓인다. 
   *물 대신 쌀뜨물을 넣으면 좋다. 
8. 청양고추, 홍고추, 대파를 넣고 섞은 후 다시 한번 끓어오르면 불을 끈다. 
9. 뚝배기에 옮겨 담아 한번 더 끓여 완성한다. 
   * 뚝배기가 없다면 국 그릇에 담아도 좋다.",https://www.youtube.com/watch?v=CS2s_N37qjM&list=PLoABXt5mipg6mIdGKBuJlv5tmQFAQ3OYr&index=13
진비빔면 팟타이,,진비빔면@1개$물(면 삶을 용)@3컵(540ml)$대파@약 1/3대(30g)$달걀@1개$식용유@4큰술(28g)$멸치액젓@1/2큰술(4g)$,"1. 냄비에 면 삶을 물을 넣고 강불에 올린다. 
2. 물이 바글바글 끓으면 면을 넣고 약 3분 정도 삶은 후 채반에 밭쳐 물기를 제거한다. 
   *프라이팬에 볶는 작업과 시간이 맞는다면 바로 건져서 사용해도 좋다. 
3. 대파는 두께 0.3cm로 송송 썰어 준비한다. 
4. 달걀은 깨트려 그릇에 담아 준비한다.  
5. 프라이팬에 기름을 두른 후 강 불에 예열한다. 
6. 달걀을 넣고 젓가락으로 저어 굵게 스크램블을 만든다. 
7. 달걀을 한쪽으로 밀어 두고 빈 공간에 대파를 넣어 파기름을 낸다. 
8. 대파 향이 올라오면 스크램블과 골고루 섞은 후 다시 한쪽으로 밀어둔다. 
9. 빈 공간에 타마린드소스, 멸치액젓을 넣고 양념장이 끓으면 섞어 둔 달걀, 대파와 함께 볶는다. 
    *프라이팬이 너무 달궈졌을 경우 불을 끄고 볶는다. 
10. 삶은 면을 프라이팬에 넣고 타지 않도록 잘 섞어가며 볶는다. 
11 그릇에 옮겨 담은 후 고명스프를 기호에 따라 뿌려 완성한다.",https://www.youtube.com/watch?v=LwHQ_LE4b9I&list=PLoABXt5mipg6mIdGKBuJlv5tmQFAQ3OYr&index=14
치즈순대,1접시 기준,고추장@약 1/2큰술(12g)$토마토소스@약 3/4컵(143g)$간 마늘@1큰술(20g)$굵은 고춧가루@1과 1/2큰술(12g)$순대@320g$모짜렐라치즈@2봉지(200g)$깻잎@5장(10g)$청양고추@2개(20g)$대파@1/5대(20g)$,"1. 대파, 청양고추는 두께 0.3cm로 송송 썰어 준비한다. 
2. 깻잎은 반으로 자른 후 가늘게 채 썰어 준비한다. 
3. 순대는 두께 0.5cm 사선으로 썰어 준비한다. 
4. 깊은 볼에 토마토소스, 간마늘, 고추장, 굵은 고춧가루, 대파를 섞어 양념장을 만든다. 
   *사용하는 토마토소스의 간이 약할 경우 꽃소금 또는 진간장으로 간을 맞춘다. 
5. 전체적으로 움푹 파인 접시에 순대를 겹치지 않도록 깔아 준 후 양념장을 순대가 덮이도록 올린다. 
6. 청양고추, 깻잎을 골고루 올린 후 다시 한번 순대, 양념장, 청양고추, 깻잎 순서로 한층 더 쌓아 올린다. 
7. 마지막으로 모짜렐라치즈를 전체적으로 펼쳐 올리고 전자레인지에 약 4분~4분 30초 정도 돌려 완성한다. 
   *1000w전자레인지 기준 4분 20초 정도 돌린다.  
   *전자레인지에 돌리는 시간은 전력에 따라 조절한다. 
   *전자레인지에서 꺼낼 때에는 그릇이 뜨거우니 마른 행주로 잡거나 장갑을 끼고 꺼낸다.",https://www.youtube.com/watch?v=kMksKRBOpiA&list=PLoABXt5mipg6mIdGKBuJlv5tmQFAQ3OYr&index=15
멸치볶음,,"*간장버전
중멸치@약 1컵(50g)$청양고추@1개(10g)$물엿@2큰술(32g)$식용유@3큰술(21g)$진간장@1큰술(10g)$참기름@1큰술(7g)$황설탕@1/2큰술(6g)$통깨@약간(2g)$
*고추장버전
중멸치@약 1컵(50g)$청양고추@1개(10g)$물엿@2큰술(32g)$식용유@3큰술(21g)$고추장@1큰술(20g)$참기름@1큰술(7g)$황설탕@1/2큰술(6g)$고운 고춧가루@1/2큰술(3g)$통깨@약간(2g)$","*간장버전 
1. 깊은 볼에 진간장, 물엿, 황설탕을 섞어 양념장을 준비한다. 
2. 청양고추는 반 갈라 0.3cm로 송송 썰거나 어슷썰기 한다. 
3. 프라이팬에 식용유를 두른 후 멸치를 넣고 볶아 비린내를 날린다. 
*국멸치를 사용할 경우 머리를 떼어낸 후 반을 갈라 내장, 가시를 제거한다. 
*국멸치보다 큰 멸치를 사용 할 경우 머리, 내장, 가시를 제거한 후 반으로 한번 더 갈라 사용한다. 
4. 멸치가 볶아지면 프라이팬 한 쪽으로 밀어 둔 후 불을 약하게 줄인다. 
5. 빈 공간에 만들어 둔 양념장을 넣고 잘 저어가며 설탕이 녹을 때 까지 끓인다. 
6. 양념장이 보글보글 끓어 전체적으로 거품이 생기면 멸치와 골고루 섞은 후 청양고추를 넣고 볶는다. 
7. 불을 끈 후 참기름, 통깨를 넣고 섞어 완성한다. 
*고추장버전 
1. 깊은 볼에 고운 고춧가루, 물엿, 황설탕, 고추장을 섞어 준비한다.  
2. 청양고추는 반 갈라 0.3cm로 송송 썰거나 어슷썰기 한다. 
3. 프라이팬에 식용유를 두른 후 멸치를 넣고 볶아 비린내를 날린다. 
*국멸치를 사용 할 경우 머리를 떼어낸 후 반을 갈라 내장, 가시를 제거한다. 
*국멸치보다 큰 멸치를 사용 할 경우 머리, 내장, 가시를 제거한 후 반으로 한번 더 갈라 사용한다. 
4. 멸치가 볶아지면 프라이팬 한 쪽으로 밀어 둔 후 불을 약하게 줄인다. 
5. 빈 공간에 만들어 둔 양념장을 넣고 잘 저어가며 설탕이 녹을 때 까지 끓인다. 
6. 양념장이 보글보글 끓어 전체적으로 거품이 생기면 멸치와 골고루 섞은 후 청양고추를 넣고 볶는다. 
7. 불을 끈 후 참기름, 통깨를 넣고 섞어 완성한다",https://www.youtube.com/watch?v=EUdt9GjWj5c&list=PLoABXt5mipg6mIdGKBuJlv5tmQFAQ3OYr&index=16
새우젓 파스타,,"*새우젓 페스토 (5인분 기준)
식용유@1/2컵(70g)$건새우@1/2컵(20g)$새우젓@1/2컵(90g)$
*새우젓 파스타 (1인분 기준)
스파게티 면@100g$올리브오일@1/4컵(45g)$통마늘@9개(45g)$페퍼론치노@5개(0.5g)$새우젓 페스토@2큰술(20g)$면수@1/3컵(90g)$","*새우젓 페스토 
1. 팬에 식용유를 넣고 달궈지면 건새우를 중 약불에 타지 않게 튀기듯이 볶는다. 
2. 건새우가 노릇해지기 시작하면 새우젓을 넣고 튀겨질 때까지 함께 볶아 식힌다. 
3. 믹서기에 볶은 새우젓을 넣고 곱게 갈아 준비한다. 
*새우젓 파스타 
1. 냄비에 물을 넣고 강 불에 올려 스파게티 면 삶을 물을 준비한다. 
2. 물이 끓으면 스파게티 면을 약 6분 간 삶는다. 
3. 통마늘은 두께 0.3cm로 얇게 편 썰어 준비한다. 
4. 프라이팬에 올리브오일, 편마늘을 넣고 페퍼론치노를 반으로 부셔 넣어 강 불에 볶는다. 
5. 마늘이 노릇해지기 시작하면 새우젓 페스토, 삶은 스파게티 면을 넣고 가볍게 볶고, 면수를 넣고 함께 볶는다. 
   *면수의 양은 면 상태에 따라 조절한다. 
6. 간을 본 후 접시에 옮겨 담아 완성 한다.",https://www.youtube.com/watch?v=XtFqi5J2KqI&list=PLoABXt5mipg6mIdGKBuJlv5tmQFAQ3OYr&index=18
쫄면,1인분 기준,"*양념장
고추장@2와 2/3큰술(35g)$황설탕@2큰술(24g)$양조 식초@3과 1/2큰술(28g)$간 마늘@1/2큰술(10g)$진간장@1/2큰술(5g)$참기름@약 1/2큰술(4g)$고운 고춧가루@1/2큰술(3g)$
*쫄면
물(쫄면 삶을 물)@약 6컵$쫄면사리@1개(204g)$양념장@전량$통깨@약간(1g)$삶은 콩나물@약간(80g)$불린미역@약간(30g)$양배추 채@약간(80g)$상추 채@약간(10g)$당근 채@약간(20g)$삶은달걀@1/2개$","*양념장 만드는 법 
1. 고추장, 황설탕, 고운 고춧가루, 진간장, 간 마늘, 식초를 섞어 양념장을 만든다. 
   *양조 식초 대신 사과식초를 사용해도 좋다. 
   *추가로 사과쥬스나 사과를 갈아서 1/3컵 정도 넣어 사용하면 좀 더 부드러운 양념장을 만들 수 있다. 
   *식초와 설탕 양은 기호에 맞게 양을 늘려도 좋다. 
*채소 준비 
1. 콩나물은 끓는 물에 약 4분 정도 삶아 찬물에 헹궈 물기를 제거하여 준비한다. 
   *가위로 먹기 좋게 잘라 준비하면 비빌 때 편하다. 
2. 달걀은 찬물에서부터 약 15분 정도 삶아 준비하고, 양배추, 당근은 가늘게 채 썰어 준비한다. 
3. 미역은 물에 불려 준비하고 상추는 두께 1cm정도로 채 썰어 준비한다. 
*쫄면 만드는 법 
1. 냄비에 물을 넣고 강 불에 올려 면 삶을 물을 준비한다. 
2. 깊은 볼에 물을 받은 후 면을 넣고 끊어지지 않도록 살살 풀어 준비한다. 
   *접혀있는 부분을 결따라 먼저 풀어준 후 나머지 부분을 풀어줘야 끊어지지 않는다. 
3. 물이 바글바글 끓으면 풀어 둔 면을 넣고 약 4분 정도 삶아 찬물에 여러 번 헹궈 물기를 제거하여 준비한다. 
4. 그릇에 삶아 둔 면을 담고 준비해 둔 채소, 삶은 달걀, 양념장, 통깨를 올려 완성한다. 
   *참기름은 기호에 맞게 선택한다.",https://www.youtube.com/watch?v=FbApByZGCXg&list=PLoABXt5mipg6mIdGKBuJlv5tmQFAQ3OYr&index=19
진미채전,,"*진미채전
진미채@약 2컵(150g)$부침가루@2컵(220g)$물@2컵(360g)$청양고추@2개(20g)$식용유@적당량$
*양념장
진간장@1큰술(10g)$식초@2큰술(16g)$","*진미채전 
1. 진미채는 가위를 이용하여 먹기 좋은 길이로 자른다. 
   *진미채를 잘라서 사용해야 모양을 잡기에 편하다. 
2. 깊은 볼에 진미채, 부침가루, 물을 넣고 뭉치지 않도록 섞어 준비한다. 
   *모든 재료의 비율은 부피상 1:1:1로 준비한다. 
3. 청양고추는 0.3cm 두께로 송송 썰어 반죽에 넣고 함께 섞는다. 
4. 프라이팬에 식용유를 두른 후 중 불에 예열한다. 
5. 반죽 묻은 진미채를 프라이팬에 올린 후 그 위에 반죽물을 뿌려 모양을 만든다. 
6. 약 불로 줄여 앞 뒤로 노릇노릇하게 구운 후 진미채전이 알맞게 익으면 그릇에 옮겨 담아 완성한다. 
*양념장 
1. 진간장, 식초를 볼에 담아 섞어서 완성한다. 
   *진간장과 식초의 비율은 1:2로 준비한다.",https://www.youtube.com/watch?v=IgTaHfnAbic&list=PLoABXt5mipg6mIdGKBuJlv5tmQFAQ3OYr&index=21
콩나물찜,,"*양념장
고추장@1/5컵(46g)$황설탕@1/5컵(28g)$굵은 고춧가루@1/5컵(16g)$맛술@1/5컵(36g)$진간장@1/5컵(40g)$간 마늘@1/5컵(34g)$
*전분물
감자전분@1/2큰술(5g)$물@1큰술(10g)$
*콩나물찜
콩나물@500g$물@1컵(180ml)$떡국떡@1컵(100g)$대파@약 1대(80g)$양파@약 1/4개(60g)$사각어묵@1장(50g)$청양고추@2개(20g)$참기름@1큰술(7g)$후춧가루@약간$통깨@약간$","1. 콩나물은 가볍게 세척하여 체반에 밭쳐 물기를 제거한다. 
2. 대파는 길게 반 갈라 5cm정도 길이로 자른다. 
3. 양파는 두께 0.4cm로 채 썰어 준비한다. 
4. 청양고추는 0.3cm 두께로 어슷 썰기한다. 
5. 어묵은 십자 모양으로 4등분 한 후 2cm 폭으로 잘라 준비한다. 
6. 고추장, 황설탕, 진간장, 맛술, 굵은 고춧가루, 간 마늘을 한데 섞어 양념장을 준비한다. 
7. 떡국떡은 물에 헹군 후 체반에 밭쳐 물기를 제거한다. 
8. 깊은 프라이팬에 물, 어묵, 떡국떡을 넣고 강 불에 올린다. 
9. 물이 끓기 시작하면 콩나물, 양파를 넣고 숨이 죽을 때 까지 익힌다. 
10. 콩나물의 숨이 반 정도 죽으면 양념장을 넣고 젓가락을 이용하여 살살 섞는다. 
11. 양념이 바글바글 끓어오르면 대파, 청양고추를 넣는다. 
12. 물과 감자전분을 섞어 전분물을 만든 후 콩나물 찜에 조금씩 넣어가며 섞는다. 
13. 농도가 잡히면 불을 끄고 참기름, 후춧가루를 뿌려 섞는다. 
14. 그릇에 옮겨 담은 후 통깨를 뿌려 완성한다. ",https://www.youtube.com/watch?v=M_G9MGGQdbs&list=PLoABXt5mipg6mIdGKBuJlv5tmQFAQ3OYr&index=22
김치라면,,라면@1개$물@약 3컵(550ml)$신김치@약 3/4컵(104g)$굵은 고춧가루@약 1/3큰술(2g)$통깨@1큰술(6g)$참기름@약 1큰술(6g)$대파@약 1/5대(19g)$청양고추@1개(10g)$,"1. 청양고추는 두께 0.5cm로 어슷 썬다. 
2. 대파는 두께 0.3cm로 송송 썬다. 
3. 김치는 가위를 이용하여 잘게 잘라 준비한다. 
4. 통깨는 절구에 넣고 갈아서 준비한다. 
4. 냄비에 물, 라면스프, 건더기 스프를 넣고 강불에 끓인다. 
5. 국물의 가장자리가 끓기 시작하면 신김치를 넣고 끓인다. 
6. 국물이 전체적으로 바글바글 끓어 오르면 면, 굵은 고춧가루를 넣고 끓인다. 
7. 라면 면이 반 이상 풀어지면 준비해둔 청양고추, 대파를 넣고 함께 끓인다. 
8. 면이 완전히 풀어지고 약 1분 정도 끓인 후 불을 끈다. 
9. 완성 그릇에 참기름을 넣고 라면을 옮겨 담는다. 
10. 라면 위에 갈아 둔 깨를 올려 완성한다.",https://www.youtube.com/watch?v=SYaYH8bh4QY&list=PLoABXt5mipg6mIdGKBuJlv5tmQFAQ3OYr&index=23
땅콩버터비빔면,2인분 기준,"*소스
땅콩버터@3과 1/5큰술(64g)$식초@약 1/3컵(61g)$물@1/3컵(60g)$황설탕@2와 1/2큰술(30g)$진간장@1과 1/2큰술(15g)$통깨@2큰술(12g)$
*1그릇 세팅
소스@1/2양(120g)$오이@약 1/6개(33g)$라면사리@1개$고추기름@약 1/3큰술(2g)$간 마늘@약 1/2큰술(10g)$참기름@1/3큰술(2g)$통깨@약간$","1. 오이는 두께 0.3cm로 채 썰어 준비한다. 
2. 믹서기에 땅콩버터, 진간장, 황설탕, 식초, 통깨, 물을 넣고 곱게 갈아 준비한다. 
   *기호에 맞게 물과 식초로 간을 조절한다. 
3. 끓는 물에 라면사리를 넣고 약 3분 30초 정도 삶아 찬물에 헹군다. 
4. 헹군 면은 체에 밭쳐 물기를 제거한 후 완성 그릇으로 옮겨 담는다. 
5. 소스의 절반 양을 면 위에 부은 후 오이, 고추기름, 간 마늘, 참기름, 통깨를 올려 완성한다. 
   *소스의 양은 기호에 맞게 조절한다.",https://www.youtube.com/watch?v=4LoyQQq2pgA&list=PLoABXt5mipg6mIdGKBuJlv5tmQFAQ3OYr&index=24
알리오올리오 떡볶이,,밀떡볶이떡@1과 1/2컵(180g)$올리브유@1/4컵(40g)$통마늘@10개(50g)$건새우@1/2컵(15g)$황설탕@1/2큰술(6g)$꽃소금@약간(1g)$대파@1/4대(25g)$,"1. 마늘은 꼭지를 제거한 후 3개는 편 썰고, 나머지 7개는 칼 옆날로 으깬 후 굵게 다져 준비한다. 
   * 찌개용 간 마늘을 사용 하는 경우 키친타올에 수분을 제거한 후 사용한다. 
2. 건새우도 굵게 다져 준비한다. 
3. 대파는 길게 반 갈라 두께 0.5cm로 송송 썬다. 
   * 쪽파를 사용 할 경우 송송 썰어 준비한다. 
4. 프라이팬을 중 불에 올린 후 올리브오일, 편마늘을 넣고 볶는다. 
   * 매콤하게 먹고 싶을 경우 페퍼론치노를 넣어 함께 볶는다. 
5. 편마늘이 반 정도 익으면 굵게 다져 둔 마늘을 넣고 함께 볶는다. 
6. 마늘이 노릇해지기 시작하면 건새우를 넣고 볶는다. 
7. 마늘이 전체적으로 노릇해지면 약 불로 줄인 후 떡볶이 떡을 넣고 잘 펼친다. 
8. 꽃소금, 황설탕을 전체적으로 솔솔 뿌린 후 계속 섞어주면서 볶는다. 
9. 떡의 겉면이 말랑해지면 대파를 넣고 함께 볶는다. 
10. 떡이 완전히 말랑말랑 해지면 그릇에 옮겨 담아 완성한다.",https://www.youtube.com/watch?v=4QwUVgVoMSE&list=PLoABXt5mipg6mIdGKBuJlv5tmQFAQ3OYr&index=27
뒷다리살카레,5인분 기준,"*뒷다리살카레
돼지고기뒷다리살@300g$물@10컵(1.8L)$양파@2개(500g)$카레가루@1봉지(100g)$당근@약 1/4개(67g)$케첩@2큰술(40g)$식용유@약 1/4컵(35g)$진간장@2큰술(20g)$버터@약 2큰술(20g)$
*1인분세팅
밥@1공기$뒷다리살카레@적당량$","1. 양파는 꼭지를 제거한 후 폭 1cm 길이 2cm 크기로 사각썰기하여 준비한다. 
2. 당근은 사방 1cm정도 길이로 작게 깍둑썰기 하여 준비한다. 
3.  돼지고기 뒷다리살은 사방 2cm 길이로 깍둑썰기 하여 준비한다. 
    *이 때 돼지 비계 부분은 따로 잘게 잘라 준비한다. 
4. 깊은 프라이팬을 강불에 올린 후 식용유를 두른다. 
5. 잘게 잘라 둔 돼지 비계를 넣고 볶는다. 
6. 돼지 비계가 노릇하게 튀겨지면 돼지고기 살코기를 넣고 튀기듯이 볶는다. 
7. 고기가 전체적으로 노릇하게 튀겨지면 양파를 뚜껑 덮듯이 전체적으로 펼쳐 넣는다. 
8. 가볍게 뒤적이며 양파가 갈색나게 볶는다. 
9. 당근을 넣고 볶는다. 
10. 프라이팬 가장자리 쪽으로 진간장을 둘러 넣고 케첩을 넣어 새콤한 맛을 날린다. 
    *토마토나 토마토주스를 사용 할 경우 이때 함께 넣는다. 
11. 양념장이 눋어 붙으려고 하면 물을 넣고 끓기 시작하면 약 15분 이상 강불에 끓인다. 
    * 25~30분 정도 끓이면 맛이 더욱 좋다. 
12. 카레가루를 잘 풀어가며 넣고 농도나게 끓인다.  
13. 농도가 맞춰지면 불을 끄고 버터를 넣어 섞는다. 
14. 그릇에 밥을 담고 카레를 얹어 완성한다. 
   *버터를 카레에 안 넣었을 경우 완성 그릇에 1조각을 함께 올려도 좋다.",https://www.youtube.com/watch?v=LTVxirHWvh8&list=PLoABXt5mipg6mIdGKBuJlv5tmQFAQ3OYr&index=30
마요네즈,,"*마요네즈
달걀노른자@약 2개(36g)$식용유@1/2컵(80g)$레몬즙@1큰술(8g)$꽃소금@약간(1g)$황설탕@약간(1g)$후춧가루@약간$
*과일샐러드
각종 과일@적당량$마요네즈@적당량$황설탕@약간$땅콩@약간$레몬즙@약간$","*마요네즈 
1. 달걀은 노른자만 분리하여 깊은 볼에 담는다. 
2. 식용유를 약 1큰술 정도 넣고 거품기로 저어 걸쭉하게 농도가 나면 다시 식용유를 1큰술 넣는다.  
   * 기름을 다 사용할 때까지 이 과정을 반복한다. 
   * 어느 정도 양이 늘어나면 넣는 기름양을 조금씩 늘려도 좋다.  
3. 꽃소금, 후춧가루, 레몬즙, 황설탕을 넣고 섞어 완성한다. 
   * 레몬은 반으로 갈라 씨가 들어가지 않도록 체에 밭친 후 즙을 짜서 사용한다. 
*과일샐러드 
1. 깊은 그릇에 원하는 과일, 땅콩, 마요네즈, 황설탕, 레몬즙을 넣고 골고루 버무려 완성한다.",https://www.youtube.com/watch?v=ulXcb04zLiI&list=PLoABXt5mipg6mIdGKBuJlv5tmQFAQ3OYr&index=31
튜나멜트토스트,2개 기준,"*튜나샐러드(2개 기준)
통조림참치@1캔(100g)$양파@약 1/6개(40g)$마요네즈@2큰술(40g)$치킨무@8개(30g)$황설탕@1/3큰술(4g)$꽃소금@약간$후춧가루@약간$
*튜나멜트토스트(1개 기준)
버터@약 2와 1/2큰술(20g)$식빵@2장$슬라이스체다치즈@4장$튜나샐러드@1/2양$","*튜나샐러드 
1. 양파, 치킨무는 사방 0.5cm 정도로 잘게 다져 깊은 볼에 담아 준비한다. 
2. 통조림 참치는 기름을 제거하고 양파, 치킨 무와 함께 깊은 볼에 담아 준비한다. 
3. 재료를 담아 둔 볼에 꽃소금, 황설탕, 마요네즈, 후춧가루를 넣고 잘 섞어 튜나샐러드를 만든다. 
*튜나멜트토스트 
1. 2장의 식빵에 각각 슬라이스체다치즈 2장 씩을 빵 크기에 맞춰 올린다. 
2. 치즈를 올린 식빵 1장에 튜나샐러드 1/2양을 전체적으로 펼쳐 올린다. 
3. 또 다른 식빵 1장을 샐러드 위에 덮는다. 
4. 프라이팬에 버터 절반을 두르고 중불에 녹인다. 
5. 버터가 완전히 녹으면 샌드위치를 올린 후 프라이팬을 닦듯이 돌려가며 한쪽 면을 굽는다. 
   * 빵에 색이 나기 시작하면 약 불로 줄여 굽는다. 
6. 샌드위치를 잠시 빼두고 남은 버터 절반을 프라이팬에 올려 녹인다. 
7. 샌드위치의 굽지 않은 면을 바닥으로 가도록 올리고 살살 눌러가며 굽는다. 
8. 양쪽 면이 갈색이 나도록 구워지고 치즈가 녹으면 샌드위치를 도마로 옮긴다. 
9. 샌드위치를 먹기 좋은 크기로 자른 후 그릇에 옮겨 담아 완성한다.",https://www.youtube.com/watch?v=mjLPNh11_xs&list=PLoABXt5mipg6mIdGKBuJlv5tmQFAQ3OYr&index=33
팟타이,,"*소스
물@2큰술(20g)$황설탕@약1과1/2큰술(20g)$식초@약2와1/2큰술(20g)$진간장@약 1큰술(12g)$멸치액젓@약1과1/2큰술(12g)$
*팟타이
숙주@약1과1/2컵(100g)$양파@약1/3개(80g)$쌀국수 불리기 전@60g → 불린 후 1과1/2컵(120g)$식용유@1/4컵(40g)$부추@약1컵(40g)$칵테일새우@8마리(40g)$건새우@2/3컵(20g)$통마늘@4개(20g)$땅콩분태@약1/4컵(20g)$청양고추@1개(10g)$홍고추@1개(10g)$달걀@2개$","1. 부추는 5~7cm 길이로 잘라 준비한다. 
2. 양파는 사방 0.5cm 길이로 잘게 썰어 준비한다. 
3. 통마늘은 꼭지를 제거한 후 칼 옆날로 으깨고 홍고추, 청양고추는 반 갈라 굵게 다져서 준비한다. 
   * 절구가 있으면 홍고추, 청양고추, 통마늘을 굵게 다져 사용해도 된다. 
4. 건새우는 잘게 다져 준비한다. 
5. 물, 진간장, 식초, 멸치액젓, 황설탕을 섞어 소스를 만든다. 
6. 프라이팬에 식용유, 마늘, 청양고추, 홍고추를 넣고 강 불에 볶는다. 
7. 마늘과 고추향이 올라오면 양파, 건새우를 넣고 튀기듯이 볶는다. 
8. 칵테일새우를 넣고 볶은 후 소스를 넣고 볶는다. 
   * 담을 때 모양을 좋게 하기 위해 칵테일새우 2~3개는 건져 둔다. 
9. 불려 둔 쌀국수는 물기를 제거하고 프라이팬에 넣어 함께 볶는다. 
10. 면이 부드러워 지면 한쪽으로 밀어 둔 후 재료가 없는 쪽에 달걀을 넣고 깨트려 익힌다. 
11. 달걀이 익으면 모든 재료를 다같이 볶은 후 숙주를 넣고 볶는다. 
12. 전체적으로 골고루 섞이면 불을 끄고 부추를 넣어 섞는다. 
    * 숙주와 부추의 숨이 죽지 않게 주의한다. 
13. 그릇에 옮겨 담은 후 빼두었던 새우를 위에 올리고 땅콩분태를 뿌려 완성한다. 
한식을 사랑하는 외국인분들을 위해 외국어 자막을 첨부하였습니다. 
본 영상의 자막은 통합 언어 플랫폼 ‘플리토’와 함께 합니다.",https://www.youtube.com/watch?v=gJDxWPoMHgo&list=PLoABXt5mipg6mIdGKBuJlv5tmQFAQ3OYr&index=38
몬테크리스토,,"*달걀물
우유@1/3컵(60ml)$달걀@1개$맛소금@약간$
*샌드위치
식빵@3장$체다치즈슬라이스@4장(80g)$딸기잼@3큰술(63g)$슬라이스햄@4장(40g)$식용유@3큰술(21g)$","1. 식빵 1장에 딸기잼 약2/3큰술을 얇게 펼쳐 바른다. 
2. 그 위에 슬라이스햄 2장을 식빵 사이즈에 맞춰 잘라 올린다. 
3. 슬라이스치즈 2장을 식빵 사이즈에 맞춰 잘라 올린다. 
4. 다른 식빵 한 장에 딸기잼 약2/3큰술을 얇게 펴 발라 치즈 위에 덮는다. 
5. 식빵 윗면에도 딸기잼 약2/3큰술을 펼쳐 바른다. 
6. 한번 더 슬라이스햄, 슬라이스 치즈 순으로 식빵 사이즈에 맞춰 잘라 올린다. 
7. 마지막 식빵 1장에 딸기잼 약2/3큰술을 얇게 펼쳐 바른 후 덮는다. 
   * 손바닥으로 샌드위치를 전체적으로 살짝 눌러 잘 붙도록 한다. 
8. 깊은 볼에 달걀, 우유, 맛소금을 넣고 골고루 풀어 준비한다. 
9. 프라이팬에 식용유를 두르고 중 불에 예열한다. 
10. 샌드위치를 달걀물에 넣고 앞, 뒤 , 옆면을 돌려가며 골고루 묻힌다. 
11. 예열 된 프라이팬에 샌드위치를 올리고 중 약불로 줄인 후 뒤집개로 눌러가며 앞 뒷면을 굽는다. 
12. 샌드위치 앞 뒷면이 골고루 색이나고 두께가 2/3정도로 가라앉으면 약 불로 줄인 후 옆 면을 돌려가며 굽는다. 
13. 치즈가 완전히 녹으면 불을 끄고 샌드위치를 도마로 옮겨 먹기 좋은 크기로 자른다. 
14. 접시에 옮겨 담아 완성한다.",https://www.youtube.com/watch?v=X8VEvBHHOjQ&list=PLoABXt5mipg6mIdGKBuJlv5tmQFAQ3OYr&index=39
파채무침,,파 채@4컵(200g)$양배추@약2컵(100g)$식초@4와1/2큰술(36g)$고추장@약1과2/3큰술(36g)$굵은 고춧가루@3큰술(24g)$간 마늘@1과1/5큰술(24g)$황설탕@1과2/3큰술(20g)$참기름@2큰술(14g)$통깨@약2큰술(8g)$,"1. 양배추는 0.3~0.5cm정도 두께로 가늘게 채 썰어 준비한다. 
2. 파 채는 가위를 이용하여 먹기 좋은 길이로 잘라 준비한다. 
   Tip: 대파 매운게 싫다면 찬 물에 헹궈 물기를 제거하여 사용한다. 
3. 깊은 볼에 고추장, 식초, 황설탕을 넣고 고추장이 풀어질 때 까지 섞는다. 
4. 간마늘, 굵은고춧가루를 넣어 섞는다. 
   Tip: 양념장을 오래 보관하는 경우 굵은 고춧가루, 간 마늘은 사용 직전에 넣어 사용한다. 
3. 깊은 볼에 양배추 채, 파 채, 양념장을 넣고 골고루 버무린다. 
   Tip: 채소의 양에 맞춰 양념장의 양을 조절한다. 
5. 참기름, 통깨를 넣고 가볍게 버무린다. 
6. 접시에 보기좋게 옮겨 담아 완성한다.",https://www.youtube.com/watch?v=_m_HiEJukX4&list=PLoABXt5mipg6mIdGKBuJlv5tmQFAQ3OYr&index=40
치즈라면전,,모차렐라 치즈@1컵(100g)$대파@약1/3대(30g)$식용유@2큰술(14g)$라면@1개$슬라이스 체다치즈@1장$물@적당량$,"1. 대파는 두께 0.3cm로 송송 썰어 준비한다. 
2. 냄비에 물, 건더기스프를 넣고 강 불에 올린다. 
3. 물이 끓어 오르면 라면을 넣고 전체적으로 풀어 질 때까지 삶는다. 
4. 면이 풀어지면 채에 밭쳐 건져낸다. 
5. 깊은 볼에 대파를 담고 그 위에 삶은 면, 분말스프 2/3봉지를 넣어 젓가락으로 골고루 섞는다. 
6. 프라이팬에 식용유를 두르고 면에 겉도는 대파를 넣어 파기름을 낸다. 
7. 대파가 지글지글 거리기 시작하면 면을 넣고 얇게 펼친다. 
   Tip: 면이 잘 펼쳐지지 않을 경우 가위로 잘라 펼친다. 
8. 면이 골고루 펼쳐지면 약 불로 줄인 후 모차렐라치즈를 뿌리고 슬라이스체다치즈를 찢어 올린다. 
9. 뚜껑을 덮고 치즈가 녹을 정도까지 익힌다. 
10. 치즈가 다 녹고, 밑 면이 노릇해지면 접시에 옮겨 담아 완성한다. 
   Tip: 밑 면에 색이 안 낫을 경우에는 강 불로 키워 익힌다. 
   Tip: 기호에 따라 파마산치즈가루를 뿌려 먹어도 좋다.",https://www.youtube.com/watch?v=rqbhm9hpvp8&list=PLoABXt5mipg6mIdGKBuJlv5tmQFAQ3OYr&index=42
궁중떡볶이,,떡볶이떡@1과1/4컵(200g)$물@약1/2컵(100ml)$소고기 불고기용@약1/2컵(60g)$양파@약1/4개(60g)$청피망@약1/4개(30g)$당근@1/9개(30g)$표고버섯@1과1/2개(25g)$대파@1/4대(25g)$진간장@2와1/2큰술(25g)$황설탕@2큰술(24g)$간 마늘@1/2큰술(10g)$참기름@1큰술(7g)$후춧가루@약간$통깨@약간$,"1. 떡볶이용 떡은 물에 담가 불린 후 체에 밭쳐 물기를 제거한다. 
2. 대파는 두께 0.5cm로 어슷 썰어 준비한다. 
3. 양파는 두께 0.5cm로 채 썰어 준비한다. 
4. 소불고기는 먹기 좋은 크기로 잘게 썰어 준비한다. 
5. 피망은 돌려가며 어슷하게 썰고, 표고버섯은 기둥을 제거한 후 8등분 하여 준비한다. 
6. 당근은 0.5cm 정도 두께로 편 썬다. 
7. 깊은 프라이팬을 중 불에 올리고 소고기를 넣어 가볍게 볶은 후 물, 황설탕, 떡을 넣고 끓인다. 
8. 물이 끓으면 당근, 양파, 표고버섯을 넣고 끓여가며 볶는다. 
   Tip: 물의 양은 사용하는 불의 세기, 냄비의 크기에 따라 조절한다. 
9. 채소가 반 정도 익으면 진간장, 간마늘을 넣고 섞는다. 
10. 떡이 말랑해지면 약 불로 줄여 뭉근하게 졸인다. 
   Tip: 색을 진하게 내고 싶을 경우 노두유나 캬라멜을 추가한다. 
11. 떡이 완전히 익으면 청피망, 대파, 후춧가루, 참기름을 넣고 골고루 섞는다. 
12. 궁중떡볶이를 접시에 담고 통깨를 뿌려 완성한다.",https://www.youtube.com/watch?v=Bt0PPGfItZw&list=PLoABXt5mipg6mIdGKBuJlv5tmQFAQ3OYr&index=43
갈비탕,4인분 기준,"*갈비탕
물@4L(약22컵)$소갈비@900g$무@약 1/6개(300g)$대파@1대(100g)$국간장@약1/3컵(50g)$간 마늘@1큰술(20g)$다시마@약1조각(10g)$꽃소금@적당량$
*갈비탕 고명
건당면@80g$대파@적당량$후춧가루@약간$","*갈비탕 
1. 길이 4~5cm로 준비한 소갈비는 찬물에 약 2시간 정도 담가 핏물을 뺀다.  
   Tip. 살코기 부분이 너무 두꺼울 경우에는 칼집을 내거나 1/2정도 크기로 잘라서 준비한다. 
2. 깊은 냄비에 소갈비가 잠길 정도의 물을 넣고 강 불에 끓인다. 
3. 물이 끓으면 소갈비를 넣고 약 5분 정도 데친 후 건져내어 흐르는 물에 불순물을 씻어 낸다. 
   Tip. 뼈 쪽에 핏기가 보이지 않을 정도까지 데친다. 
4. 무는 큼직하게 잘라 준비한다. 
5. 냄비에 물(준비한 양의 절반), 데친 소갈비, 무, 다시마, 대파, 국간장를 넣고 강 불에 끓인다. 
   Tip: 냄비의 크기, 사용하는 불의 세기에 따라 물양을 조절한다. 
5. 국물이 끓기 시작하면 중 불로 줄여 1시간 30분을 더 끓인다. 
   Tip: 끓이는 중간에 남은 물 절반 양을 추가해서 끓여준다. 
6. 무는 익으면 건져내어 식힌 후, 먹기 좋은 크기로 자른다. 
7. 대파는 건져내고, 다시마는 얇게 채 썰어 준비한다. 
9. 간 마늘을 체에 밭쳐 국물에 넣고 우려낸 후 꽃소금으로 간을 하여 완성한다. 
   Tip. 기호에 따라 미원, 소고기다시다 추가한다. 
*갈비탕 세팅하기 
1. 대파는 두께 0.3cm로 송송 썰어 준비한다. 
2. 당면은 따뜻한 물에 약 1시간 정도 불려 준비한다. 
   Tip. 시간이 부족할 경우에는 끓는물에 삶아 준비한다. 
3. 그릇에 불린 당면, 소갈비, 갈비탕 국물, 무를 담는다. 
4. 다시마 채, 후춧가루, 대파를 올려 완성한다. ",https://www.youtube.com/watch?v=SBKRrJRCFu8&list=PLoABXt5mipg6mIdGKBuJlv5tmQFAQ3OYr&index=44
김치만두,약 24개 분량 ,신 김치@2컵(260g)$간 돼지고기@1컵(150g)$불린당면@2컵(120g)$부추@1컵(60g)$대파@1컵(60g)$껍질 있는 들깨가루@1/2컵(35g)$간 마늘@1큰술(20g)$굵은 고춧가루@2큰술(16g)$굴소스@1큰술(14g)$참기름@2큰술(14g)$황설탕@1큰술(12g)$진간장@1큰술(10g)$만두피@24장$물@600ml (만두 삶는 용)$,"1. 볼에 신 김치를 넣고 가위로 잘게 잘라 준비한다. 
2. 대파는 길게 반 갈라 두께 0.3cm로 잘게 썰어 볼에 담아 준비한다. 
3. 불린 당면은 물기를 제거 한 후 가위로 잘게 잘라 준비한다. 
   Tip: 만두피로 싸기 편하도록 당면은 가능한 잘게 자른다. 
4. 볼에 신 김치, 대파, 불린당면, 간 돼지고기, 황설탕, 간 마늘, 굵은 고춧가루, 진간장, 굴소스, 껍질 있는 들깨가루를 넣어 골고루 섞는다. 
   Tip: 기호에 맞게 MSG, 소고기다시다를 추가한다. 
5. 재료를 장갑 낀 손으로 골고루 섞은 후 참기름을 넣고 섞어 만두속을 만들어 준비한다. 
6. 쟁반에 밀가루를 뿌려 얇게 펴고 작은 그릇에 물을 담아 준비한다. 
7. 냄비에 만두가 잠길 정도의 물을 붓고 강 불에 끓인다. 
8. 만두피를 손바닥 위에 올리고 손가락 끝에 물을 찍어 만두피의 가장자리에 한 바퀴 돌려 물을 묻힌다. 
9. 숟가락이나 나이프로 크게 한 번 떠서 만두피 중앙에 올리고 만두소를 가볍게 눌러 다듬어 준 후 만두피 중앙을 먼저 집어서 붙인다. 
10. 나머지 만두피 모서리 부분을 벌어지지 않도록 붙인다. 
11. 반달로 된 만두는 양쪽 끝을 잡고 터지지 않게 모아 붙인다. 
12. 냄비의 물이 끓으면 만두를 넣고 약 5분 정도 삶는다.  
13. 완전히 익은 만두를 접시에 옮겨 담아 완성한다. ",https://www.youtube.com/watch?v=JBgLd7TqB7U&list=PLoABXt5mipg6mIdGKBuJlv5tmQFAQ3OYr&index=46
돼지 불백,2-3인분 양,돼지고기 후지(슬라이스)@500g$물@2/3컵(120ml)$갈아만든 배@약1/2컵(85ml)$대파@약1/3대(30g)$진간장@2와1/2큰술(25g)$맛술@2와1/2큰술(25g)$황설탕@1과2/3큰술(20g)$간 마늘@1큰술(20g)$참기름@1과1/2큰술(10g)$노두유@약1큰술(6g)$간 생강@약간(2g)$후추가루@약간$,"*돼지불고기 
1. 대파는 두께 0.3cm 정도로 송송 썬다. 
2. 깊은 볼에 핏물을 살짝 제거한 돼지고기 후지, 대파, 간 마늘, 황설탕을 넣고 골고루 섞는다. 
3. 맛술, 간 생강, 갈아만든 배를 넣고 골고루 섞는다. 
4. 단 맛이 골고루 배면 진간장을 넣고 버무린 후 노두유를 넣어 색을 맞춘다. 
     Tip: 노두유는 생략 가능하다. 
5. 참기름, 후추가루를 넣고 골고루 버무려 재운다. 
     Tip: 양이 많다면, 비닐봉지에 먹을 만큼 소분하여 넣어 얇게 펼쳐 쟁반에 올려 냉동보관한다. 
6. 프라이팬을 강 불에 올린 후 양념 된 돼지고기를 올린다.  
7. 지글거리기 시작하면 젓가락으로 뭉치지 않게 골고루 풀어가며 볶는다. 
8. 고기가 익으면서 양념이 눌어붙기 시작하면 물을 넣어 강 불에 졸여가며 익힌다.  
9. 물이 반 정도 졸아들면 휴대용 버너에 올려 물기가 날아 갈 때 까지 볶는다.  
10. 양념장이 눌기 시작하면 약 불로 줄이고 살짝 연기가 나고 눌은 냄새가 나면 불을 끄고 완성한다.  
     Tip: 기호에 따라 쌈을 싸 먹거나, 밥에 비벼 먹는다. 
*돼지불고기 비빔밥 
1. 깊은 그릇에 밥을 담고 쌈채소를 가위로 잘게 잘라 넣는다.  
2. 돼지불고기를 잘게 잘라 넣고 고추장, 참기름을 넣고 골고루 비벼서 완성한다.",https://www.youtube.com/watch?v=2T7BfP1sx9g&list=PLoABXt5mipg6mIdGKBuJlv5tmQFAQ3OYr&index=47
크림 떡볶이,,떡볶이 떡@약1과1/2컵(250g)$우유@1팩(200ml)$베이컨@4장(72g)$양파@약1/4개(60g)$식용유@1큰술(7g)$슬라이스 체다치즈@2장$후추가루@약간$,"1. 떡볶이 떡은 물에 씻은 후 물기를 제거하여 준비한다 
2. 베이컨은 약 1cm 두께로 자른다. 
3. 양파는 가로로 2등분 한 후 0.3cm 두께로 채 썬다. 
4. 프라이팬에 식용유를 두르고 베이컨을 넣고 풀어가며 볶는다. 
5. 베이컨이 전체적으로 풀어지면 양파를 넣고 노릇하게 되기 직전까지 볶는다.  
6. 우유를 넣고 바닥에 붙지 않도록 잘 섞어 준 후, 떡볶이 떡을 넣고 중 불로 줄인다. 
7. 떡이 말랑말랑 해지고 우유에 농도가 나기 시작하면 슬라이스 체다치즈를 찢어 넣는다. 
8. 치즈가 잘 녹도록 골고루 섞은 후 농도가 걸쭉해지면 후추가루를 넣고 섞어 불을 끈다. 
9. 접시에 크림 떡볶이를 담아 완성한다. 
    Tip. 기호에 맞게 파슬리가루를 뿌린다.",https://www.youtube.com/watch?v=wM9hbmwCpdc&list=PLoABXt5mipg6mIdGKBuJlv5tmQFAQ3OYr&index=48
청국장,,물@2컵(360ml)$청국장@1/2팩(125g)$신 김치@약3/4컵(100g)$두부@약1/3모(90g)$양파@약1/4컵(60g)$대파@1/2대(50g)$된장@1큰술(20g)$국멸치@1/2컵(15g)$청양고추@1개(10g)$홍고추@1개(10g)$간 마늘@1/4큰술(5g)$,"1. 홍고추, 청양고추는 두께0.3cm로 송송 썬다. 
2. 양파는 굵게 다져 준비한다. 
3. 대파는 두께0.3cm로 송송 썬다. 
4. 두부는 가로세로 1.5cm로 썰어 준비한다. 
5. 신김치는 가위를 이용하여 잘게 잘라 준비한다. 
6. 국멸치는 머리, 뼈, 내장을 제거하고 잘게 찢어 준비한다. 
7. 마른 냄비에 멸치를 넣고 중 불에 고소한 냄새가 날 때까지 볶아 비린내를 날린다. 
8. 냄비에 물, 신김치, 양파, 대파, 홍고추, 청양고추를 넣고 강 불에 끓인다. 
9. 찌개가 끓어 오르면 간마늘, 청국장을 넣고 잘 풀어가며 끓인다. 
    Tip: 기호에 따라 청국장 양을 조절한다.  
10. 청국장이 다 풀어지면 된장을 넣어 간을 맞춘다. 
    Tip: 된장 대신 청국장을 추가로 넣어 간을 맞춰도 좋다. 
11. 뚝배기에 청국장을 옮겨 담고 두부를 올린 후 강 불에 끓인다. 
    Tip: 두부를 처음부터 넣을 경우 깨질 수 있으니 주의한다. 
12. 청국장이 끓어오르면 불을 끄고 완성한다.",https://www.youtube.com/watch?v=wezbeu4-C2s&list=PLoABXt5mipg6mIdGKBuJlv5tmQFAQ3OYr&index=49
대파전,2장 분량,대파@2대(200g)$물@약1컵(160ml)$간 돼지고기@2/3컵(100g)$부침가루@약1컵(100g)$식용유@약1/4컵(42g)$간 마늘@약2/3큰술(14g)$홍고추@1개(10g)$청양고추@1개(10g)$맛소금@약간(4g)$달걀@2개$후춧가루@약간$,"1. 대파는 길게 4등분 한 후 프라이팬 지름에 맞춰 3~4등분하여 준비한다. 
2. 청양고추, 홍고추는 두께 0.3cm로 어슷 썰어 준비한다. 
3. 볼에 부침가루, 물, 간 마늘, 맛소금, 간 돼지고기, 후춧가루를 넣고 젓가락으로 골고루 섞어 반죽물을 만든다. 
4. 달걀은 가볍게 풀어 준비한다.  
5. 반죽물에 대파, 청양고추, 홍고추를 넣어 골고루 버무린다. 
    Tip: 청양고추, 홍고추의 1/3양은 고명용으로 남겨둔다.  
    Tip: 반죽을 섞을 때에는 대파의 방향이 틀어지지 않게 주의하면서 섞는다.  
6. 프라이팬에 식용유를 넉넉히 두르고 중 불에 약간 달군다. 
7. 대파전 반죽을 프라이팬 위에 가지런하게 평평하게 펴서 올린다. 
8. 아랫면이 익으면 달걀물을 전 위에 골고루 두른 후 청양고추, 홍고추 고명을 올린다.  
9. 전을 앞뒤로 뒤집어 가며 익히고 마지막에 강 불로 켜 노릇노릇하게 색을 낸다. 
    Tip: 전을 뒤집기 전에 기름이 많다면 키친타올을 이용하여 닦아낸 후 뒤집어야 기름이 튀지 않는다. 
10. 접시에 대파전을 옮겨 담아 완성한다.",https://www.youtube.com/watch?v=12e93a8T2nU&list=PLoABXt5mipg6mIdGKBuJlv5tmQFAQ3OYr&index=50
탕수육 냄비전골,,물@2컵(360ml)$탕수육고기@100g$신 김치@약3/4컵(100g)$양파@1/5개(50g)$맛술@약1/5컵(40g)$대파@약1/3대(30g)$진간장@약1/5컵(30g)$황설탕@약2큰술(25g)$간 생강@약간$절단 다시마@1장$달걀@1개$,"1. 양파는 두께 0.3cm로 채 썰어 냄비에 담는다. 
2. 양파 위에 탕수육을 담고 다시마를 넣는다. 
3. 대파는 두께 0.5cm로 어슷 썰어 준비한다. 
4. 달걀은 가볍게 풀어 준비한다. 
5. 볼에 물, 간 생강, 황설탕, 진간장, 맛술을 넣어 숟가락으로 골고루 섞어 육수를 만든다. 
   Tip: 물의 양은 탕수육의 상태에 따라 늘이거나 줄인다. 
6. 냄비에 육수를 붓고 중 불을 켜 끓인다.  
   Tip: 탕수육이 수분을 충분히 머금고 말랑말랑해질 때 까지 끓인다.  
7. 신 김치는 가위를 이용하여 먹기 좋게 자른 후 육수가 끓어오르면 냄비에 넣는다.  
8. 준비한 대파의 2/3양을 먼저 넣고 그 위에 달걀물을 둘러넣는다. 
9. 남은 대파를 고명으로 올린다. 
10. 달걀이 덜 익은 상태에 불을 끄고 완성한다. 
    Tip: 달걀이 90% 정도 익었을 때 불을 끄고 완성한다.",https://www.youtube.com/watch?v=VTnPfw9h-3k&list=PLoABXt5mipg6mIdGKBuJlv5tmQFAQ3OYr&index=51
알리오올리오,1인분 기준,"* 면 삶기
정수물@약6컵(1L)$파스타면@100g$꽃소금@1/3큰술(4g)$
* 알리오올리오
면수@약1/3컵(70ml)$올리브유@약1/3컵(55g)$간 마늘@2큰술(40g)$통마늘@약 4개(21g)$쪽파@약간(4g)$페퍼론치노@5개(2g)$삶은 파스타면@전량$꽃소금@약간$파마산치즈가루@약간$","* 면 삶기 
1. 냄비에 정수물, 꽃소금을 넣고 강 불에 올려 끓인다. 
2. 물이 끓어 오르면 스파게티면을 펼쳐 넣고 젓가락을 이용하여 면을 냄비 안으로 넣어 약 7~8분정도 삶는다. 
   Tip. 스파게티면은 기호에 맞는 익힘 정도로 삶는다. 
3. 삶아 진 스파게티면은 체에 밭쳐 건져내어 준비한다. 
* 알리오올리오 
1. 통마늘은 0.2cm 두께로 편 썰고, 쪽파는 0.3cm 두께로 송송 썰어 준비한다. 
2. 프라이팬에 올리브유를 두르고 편 마늘을 넣은 후 중 약불에 올려 볶는다. 
3. 기름이 지글지글 거리기 시작하면 페퍼론치노를 1/2정도 크기로 부숴 넣는다.  
4. 편 마늘이 노릇노릇해지기 시작하면 간 마늘을 넣고 함께 볶는다.  
5. 간 마늘이 노릇하게 색이나면 건져 둔 면을 체에 밭친 상태로 면수에 가볍게 헹군 후 물기를 가볍게 털어내고 팬에 넣는다. 
6. 젓가락을 이용하여 볶아 둔 마늘과 면을 가볍게 볶은 후 면수를 넣고 강 불로 키워 볶는다. 
  Tip. 기호에 따라 소고기다시다 또는 치킨파우더를 넣는다. 
7. 면수와 올리브오일이 골고루 섞이고 면에 간이 배이면 불을 끈다. 
8. 접시에 스파게티를 옮겨 담은 후 쪽파를 올린다. 
9. 파마산치즈가루를 뿌려 완성한다. 
  Tip. 그라나파다노치즈를 올려 먹으면 더욱 좋다.",https://www.youtube.com/watch?v=ohihzV6Z85k&list=PLoABXt5mipg6mIdGKBuJlv5tmQFAQ3OYr&index=53
황태콩나물 해장라면,,라면@1봉지$물@3과1/2컵(630ml)$콩나물@약1과1/2컵(100g)$대파@약1/3대(30g)$황태채@1컵(25g)$새우젓@1큰술(20g)$청양고추@1개(10g)$식용유@1큰술(7g)$참기름@1큰술(7g)$간 마늘@약1/3큰술(7g)$홍고추@1/2개(5g)$달걀@1개$,"1. 볼에 황태채를 넣고 물에 적신다. 
2. 황태채가 부드러워지면 물기를 제거한 후 가위를 사용해서 먹기 좋은 크기로 자른다. 
3. 냄비에 식용유, 참기름을 넣고 중 불에 올린 후 불린 황태채를 넣고 노릇하면서 탱글하게 볶는다. 
4. 황태채에 새우젓을 넣고 볶는다. 
5. 새우젓이 눌어 붙기 전에 물, 건더기스프, 분말스프, 다시마를 넣고 끓인다. 
6. 대파, 청양고추는 두께 0.3cm 정도로 송송 썬다. 
7. 홍고추는 두께 0.3cm 정도로 어슷 썬다. 
8. 물이 끓어오르면 콩나물, 면 사리, 간 마늘을 넣는다. 
9. 볼에 달걀을 깨넣고 가볍게 풀어 준비한다. 
10. 면이 전체적으로 풀어지면 풀어둔 달걀을 골고루 둘러 넣고 대파, 청양고추, 홍고추를 넣는다. 
11. 전체적으로 섞어준 후 라면을 그릇에 옮겨 담아 완성한다. ",https://www.youtube.com/watch?v=rTAWqq4I3JA&list=PLoABXt5mipg6mIdGKBuJlv5tmQFAQ3OYr&index=55
고기쌈장,,"*고기쌈장 재료
간 돼지고기@1컵(150g)$양파@1컵(100g)$대파@3/5대(60g)$돼지호박@2/3컵(60g)$당근@1/2컵(50g)$청양고추@약2/3컵(30g)$표고버섯@약1/2컵(20g)$
*양념 재료
물@1컵(180ml)$식용유@약2/3컵(100g)$된장@5큰술(100g)$고추장@3큰술(60g)$맛술@1/4컵(45g)$간 마늘@2큰술(40g)$굵은 고춧가루@약3큰술(26g)$진간장@2큰술(20g)$황설탕@약 1큰술(15g)$참기름@2큰술(14g)$","1. 대파, 청양고추는 반 갈라 두께 0.5cm 정도로 송송 썬다. 
2. 양파, 당근, 돼지호박, 표고버섯은 가로, 세로 0.7cm 정도로 잘게 다진다. 
3. 볶음용 팬에 식용유, 대파를 넣고 강 불에 볶는다. 
4. 뭉쳐있던 파가 풀어지면 양파를 넣고 볶는다. 
5. 양파의 수분이 빠져 지글지글 소리가 나면 간 돼지고기를 넣고 주걱으로 뭉치지 않게 잘 풀어가면서 볶는다. 
6. 가장자리 부분이 타지 않도록 주걱으로 골고루 섞어주면서 돼지고기가 노릇해질 때까지 볶는다. 
7. 황설탕을 팬의 가운데 부분에 넣어 기름에 튀겨지도록 하고, 그 위에 진간장을 둘러 넣는다. 
8. 당근, 돼지호박, 표고버섯을 넣고 주걱으로 섞으면서 골고루 볶는다. 
9. 맛술, 된장, 고추장을 넣고 골고루 섞으면서 볶는다. 
10. 간 마늘, 굵은 고춧가루를 넣고 고춧가루가 타지 않도록 주걱으로 둥글게 저으면서 골고루 볶는다. 
11. 정수 물을 둘러 넣고 , 청양고추를 넣은 후 세네번 저어준 후 불을 끄고 참기름을 둘러 넣어 완성한다. ",https://www.youtube.com/watch?v=wPxuQdfYErk&list=PLoABXt5mipg6mIdGKBuJlv5tmQFAQ3OYr&index=57
꽈리고추 닭 볶음,,"*꽈리고추 닭볶음 재료
토막 닭(9호)@1팩 (약900~930g)$대파@1과 4/5대(180g)$꽈리고추@약20개(140g)$통마늘(작은 것)@약30개(100g)$식용유@1/4컵(40g)$건 고추@약4개(14g)$
*양념 재료
물@약2컵(350g)$진간장@약2/5컵(84g)$황설탕@2와1/2큰술(30g)$간 마늘@1큰술(20g)$노두유@1큰술(12g)$후추가루@약간$","1. 닭도리탕용 토막 닭은 한 토막을 이등분 하여 작은 크기로 잘라 약 30조각 정도를 준비한다. 
2. 건 고추는 길이 2cm 정도 손으로 잘라서 준비한다. 
3. 대파는 길이 2.5~3cm 정도로 자르고, 자른 대파 중 3조각을 골라 두께 0.3cm로 송송 썬다. 
4. 꽈리고추는 한입 크기로 2~3등분 하여 준비한다. 
5. 지름이 큰 볶음용 팬을 강 불에 올리고 식용유, 건고추, 통마늘을 넣어 약 1분 정도 주걱으로 볶는다. 
  Tip: 통마늘은 꼭지를 제거하여 손질해준다.  
6. 토막 닭을 넣어 팬에 펼치고 닭의 한쪽 면을 익힌다. 
7. 송송 썬 대파를 넣고 강 불에서 주걱으로 뒤적이면서 볶는다. 
8. 닭 겉면에 붉은 기가 없어질 때까지 볶은 후 기름이 끓고 있는 부분에 황설탕을 넣어 볶는다. 
9. 닭을 가장자리로 밀어 팬 중앙에 공간을 만들어 기름을 모으고 끓는 기름에 진간장을 넣어 눌리도록 볶는다. 
10. 노두유를 넣고 주걱으로 골고루 섞으면서 타지 않을 정도로 볶는다. 
11. 물, 간 마늘을 넣고 국물이 1/3로 줄어들 때까지 약 7분 정도 졸인다. 
    Tip: 냄비의 크기와 사용하는 화력에 따라 시간을 조절한다. 
12. 닭이 완전히 익으면 대파를 넣고 주걱으로 뒤적이며 살짝 볶아준 후 꽈리고추를 넣고 약 10초 정도 볶은 후 바로 불을 끈다. 
13. 꽈리고추 닭볶음을 접시에 담고 후추가루를 뿌려 완성한다. ",https://www.youtube.com/watch?v=iO0xX0AyS8M&list=PLoABXt5mipg6mIdGKBuJlv5tmQFAQ3OYr&index=58
만두전골,,"*만두전골 재료
냉동만두@1봉지(10개입/350g)$양파@1/2개(125g)$알배추@3장(105g)$대파@1대(100g)$표고버섯@2개(40g)$청양고추@2개(20g)$홍고추@1개(10g)$달걀@1개$
*만두전골 양념재료
물@약5와1/2컵(1000ml)$국간장@3큰술(30g)$간마늘@1큰술(20g)$꽃소금@1/3큰술(4g)$후추가루@약간$","1. 냉동만두는 미리 꺼내어 반 해동시켜 준비한다. 
2. 대파는 반 갈라 만두의 가로 길이와 비슷한 길이 7cm 정도로 썬다. 
3. 알배추, 양파는 만두 폭과 비슷하게 두께 2cm 정도로 썬다. 
4. 표고버섯은 두께 0.3cm 정도로 얇게 썬다.  
5. 청양고추, 홍고추는 두께 0.5cm 정도로 어슷 썬다. 
6. 해동한 만두 양의 20%는 육수용으로 사용하기 위해 두께 0.5cm 정도로 잘게 썬다. 
7. 전골냄비의 중앙에 육수용으로 자른 만두를 올린다. 
8. 청양고추, 홍고추를 제외한 야채를 1/2양으로 나누어 마주보도록 냄비에 둘러 올리고 각 야채 사이에 만두를 올린다. 
9. 중앙에 간 마늘, 국간장을 넣고 가스버너에 올린 후 물을 붓고 강 불에 끓인다. 
10. 육수의 양에 맞춰 꽃소금으로 간을 한다. 
11. 후춧가루를 뿌린 후 국물이 끓어오르면 중앙에 달걀을 깨 넣는다. 
12. 청양고추, 홍고추를 야채 위에 골고루 올린다. 
13. 마지막으로 후추가루를 뿌리고 끓이면서 먹는다.",https://www.youtube.com/watch?v=_TGhAtAqrLk&list=PLoABXt5mipg6mIdGKBuJlv5tmQFAQ3OYr&index=62
깻잎 모히또,,"사각얼음@약 13개$레몬@1개(90g)$깻잎@약7장(13g)$소주@1/2병(180ml)$스프라이트@1캔(355ml)$황설탕@2큰술(24g)$
*황설탕의 양은 기호에 따라 조절한다.","1. 레몬을 깨끗이 씻어서 세로로 반 자른다. 
2. 자른 레몬 한쪽의 레몬즙을 유리병에 짜 넣은 후 껍질도 함께 넣어준다. 
3. 레몬의 나머지 반쪽은 두께 0.3cm 정도로 얇게 썰어 넣는다. 
4. 깻잎은 세로로 길게 자른 후 손으로 여러 번 찢어 넣는다. 
5. 황설탕과 사각 얼음을 5개 정도 남기고 넣어 밀대를 사용하여 깻잎과 레몬을 짓이겨준다. 
6. 준비한 소주량의 절반 정도를 넣고 밀대로 깻잎과 레몬을 더 으깬다.  
7. 스프라이트를 넣고 한 번 더 골고루 섞는다. 
8. 남겨둔 얼음을 넣고 골고루 섞는다. 
9. 잔에 모히또를 옮겨 담아 완성한다. 
Tip: 다 마시고 남은 건더기와 남은 소주 반병, 스프라이트를 섞어 추가로 만들어 먹어도 좋다.",https://www.youtube.com/watch?v=dUANwQmPhU4&list=PLoABXt5mipg6mIdGKBuJlv5tmQFAQ3OYr&index=63
프렌치토스트,,"*기본 버전
식빵@3장$달걀@2개$꽃소금@2꼬집$사과잼 (기본형 적당량/샌드위치형@3큰술)$식용유@적당량$버터@적당량$계핏가루@적당량$연유@적당량$
*우유 버전
식빵@3장$달걀@2개$우유@약2/3컵 (110g)$황설탕@1큰술 (12g)$꽃소금@2꼬집$식용유@적당량$버터@적당량$사과잼@적당량$","*기본 버전 
- 기본형 
1. 볼에 달걀을 깨트려 넣는다. 
2. 꽃소금을 넣고 젓가락을 사용해 달걀을 풀어 준비한다. 
3. 프라이팬에 식용유를 넣고 중불에 달군다. 
4. 식빵을 젓가락을 사용해 골고루 뒤집어 주면서 계란물을 묻힌다.  
5. 달걀물 입힌 식빵을 프라이팬에 올려 노릇하게 굽는다. 
6. 양 쪽면의 색이 골고루 날 수 있도록 뒤집개와 주걱을 사용하여 뒤집어주면서 익힌다. 
7. 접시에 완성된 기본형 토스트를 담고 버터, 사과잼을 올린 후 계핏가루, 연유를 뿌려 완성한다. 
- 샌드위치형 
1. 볼에 달걀을 깨트려 넣는다. 
2. 꽃소금을 넣고 젓가락을 사용해 달걀을 풀어 준비한다. 
3. 식빵의 한 면에 사과잼을 넉넉하게 골고루 펴 바른다. 
4. 골고루 펴 바른 사과잼 위에 식빵을 덮어 준비한다. 
5. 잼을 발라둔 식빵을 달걀 물에 넣고 뒤집으면서 달걀물을 골고루 묻힌다.  
6. 프라이팬에 식용유를 넣고 중불에 달군다. 
7. 프라이팬에 토스트를 올리고 그 위에 남은 달걀 물을 붓는다. 
8. 식빵이 타지 않도록 약불로 줄인 후 뒤집어준다.  
9. 토스트의 숨이 죽도록 뒤집개로 눌러주면서 굽는다. 
   Tip: 샌드위치형 식빵을 익힐 때에는 한 장짜리보다 두께가 두껍기 때문에 안쪽까지 골고루 익도록 불을 약불로 줄여서 굽는다. 
10. 식빵의 안쪽이 익으면서 숨이 죽으면 불을 살짝 올리고 앞뒤로 골고루 색이 나도록 굽는다. 
11. 접시에 완성된 샌드위치형 토스트를 담고 버터를 올려서 완성한다. 
*우유 버전 
1. 볼에 우유, 설탕, 달걀, 꽃소금을 넣고 숟가락을 사용해 골고루 섞는다. 
2. 식빵을 넣고 달걀물이 충분히 적셔지도록 숟가락, 젓가락을 사용해 뒤적인다. 
3. 프라이팬을 중불에 달구고 식용유를 넣는다. 
4. 달궈진 팬에 식빵을 올리고 약불로 줄인 후 앞 뒷면의 색이 골고루 나도록 뒤집으면서 익힌다. 
5. 접시에 구워진 프렌치 토스트를 올리고 버터, 사과잼을 올려 완성한다. 
   Tip: 연유, 딸기잼 등을 함께 곁들여 먹어도 좋다.",https://www.youtube.com/watch?v=-dBPLgpC-tk&list=PLoABXt5mipg6mIdGKBuJlv5tmQFAQ3OYr&index=66
고구마라떼,,고구마(작은 것)@약2개 (200g)$물(익힘용)@40ml$황설탕@4큰술 (48g)$버터@1/4개 (20g)$물(라떼용)@1/2컵 (90ml)$우유@500ml$계피가루@약간$,"1. 고구마는 껍질을 벗긴 후 양쪽 끝부분을 잘라내고 세로로 반 길게 갈라 약 1cm정도 두께로 자른다. 
2. 전자레인지용 그릇에 자른 고구마와 익힘용 물을 넣고 전자레인지에 5분 돌린다. 
3. 믹서기에 익힌 고구마를 넣고 황설탕, 우유, 물, 버터를 넣어 약 1분 정도 곱게 간다. 
4. 컵에 얼음을 담고 고구마 라떼를 넣어 아이스 고구마 라떼를 만들거나, 고구마 라떼를 컵에 담고 전자레인지에 약 40초~1분 정도 돌려 따뜻한 고구마 라떼를 만든다.  
5. 따뜻한 고구마라떼 위에 계피가루를 뿌려 완성한다. 
* 영상 속 전자레인지는 전력 1000와트 제품을 사용하였습니다.",https://www.youtube.com/watch?v=G25SAhShmQw&list=PLoABXt5mipg6mIdGKBuJlv5tmQFAQ3OYr&index=69
소불고기,4인분,"* 양념장 재료
황설탕@2와1/2큰술(30g)$물엿@1큰술(12g)$간 마늘@1큰술(20g)$진간장@5큰술(50g)$후춧가루@약간$참기름@3큰술(21g)$
* 소불고기 재료
소고기 불고기용@500g$양파@3/5개(150g)$표고버섯@2개(40g)$대파@약1대(80g)$홍고추@1개(10g)$통깨@약간$","1. 깊은 볼에 한입 크기로 자른 소고기를 넣고 잘 풀어서 준비한다. 
2. 소고기에 황설탕, 물엿, 간 마늘을 넣고 골고루 버무려 약 10~20분 정도 재운다.  
  Tip: 설탕의 분자가 다른 양념류보다 크기 때문에 가장 먼저 넣어서 단맛을 배게 한다. 
3. 표고버섯은 기둥을 제거하고 두께 0.3cm 정도로 얇게 썬다.  
4. 대파, 홍고추는 두께 0.5cm 정도로 어슷썰어 준비한다. 
5. 양파는 꼭지를 제거하고 두께 0.5cm 정도로 채썰어 준비한다.  
6. 재워둔 소고기에 진간장을 넣고 고기가 부서지지 않도록 조심히 섞어준 후 양파, 대파, 홍고추, 표고버섯을 넣어 섞는다. 
7. 채소 위에 후춧가루, 참기름을 넣고 섞는다.  
  Tip: 다음날 사용한다면 대파만 넣어서 냉장 보관하여 사용 당일 나머지 채소를 넣어 조리한다.  
8. 팬을 강 불에 올려 예열하고 소불고기를 올려 재료를 집게나 젓가락으로 잘 풀어주면서 볶는다. 
  Tip: 기호에 따라 MSG 1/4큰술 정도를 넣어 볶는다. 
9. 완전히 익은 소불고기를 접시에 담고 통깨를 뿌려 완성한다.",https://www.youtube.com/watch?v=nVzwOOJLt24&list=PLoABXt5mipg6mIdGKBuJlv5tmQFAQ3OYr&index=70
라면땅,,라면@1봉지$라면수프@적당량$마요네즈@3큰술(48g)$황설탕@2큰술(24g)$,"1. 접시를 준비해 라면을 올리고 윗면에 마요네즈를 골고루 짠다. 
2. 주걱이나 숟가락을 이용해 마요네즈가 모든 면에 골고루 묻도록 펴 바른다. 
3. 숟가락을 이용해 마요네즈 위에 황설탕을 골고루 뿌린다. 
4. 뒤집어 반대쪽 면에도 마요네즈, 황설탕을 골고루 바른다. 
5. 전자레인지용 접시에 라면을 옮겨 담고 전자레인지에 넣은 후 약 2분 20초 정도 돌린다.  
  Tip: 각자 사용하는 전자레인지의 용량에 따라 약 2분~3분 사이에서 시간을 조절한다.  
  Tip: 라면땅의 밑부분에 색이 잘 나기 때문에 양쪽 면의 색을 골고루 내기 위해서는 중간에 한 번 뒤집는다. 
6. 전자레인지에서 라면땅을 꺼내어 라면땅의 윗면과 아랫면에 라면수프를 뿌린다. 
7. 구워진 라면땅을 식힌 후 먹기 좋게 쪼개어 먹는다.",https://www.youtube.com/watch?v=CVtdTM6gJTY&list=PLoABXt5mipg6mIdGKBuJlv5tmQFAQ3OYr&index=71
우유라면,,라면@1개$우유@2컵(360ml)$대파@1/2컵(30g)$청양고추@2개(20g)$굵은 고춧가루@1/2큰술$물@2컵(360ml)$,"1. 냄비에 물을 넣고 강 불에 끓인다. 
2. 대파, 청양고추는 두께 0.3cm 정도로 송송 썬다.  
3. 끓는 물에 건더기 스프, 라면 면을 넣어 삶는다. 
4. 면을 집게로 끊어지지 않게 풀어가면서 익힌다. 
5. 면이 완전히 풀어지면 바로 불을 끄고 체에 밭쳐 물기를 뺀다. 
6. 물기를 뺀 면을 다시 냄비에 넣고 우유, 분말 스프를 넣고 섞은 후 중 불에 끓인다. 
7. 끓어오르면 굵은 고춧가루를 넣고 고명용 대파를 남기고 대파, 청양고추를 넣어 원하는 익힘 정도로 끓인다. 
8. 면이 익으면 그릇에 담고 고명용 대파를 올려 완성한다. ",https://www.youtube.com/watch?v=-_q9oyOToxs&list=PLoABXt5mipg6mIdGKBuJlv5tmQFAQ3OYr&index=72
소 갈비찜,4인분 기준,"* 소 갈비찜 재료
소갈비@2kg$소갈비 데침용 물@적당량$무@100g$당근@1/2개(135g)$새송이버섯@1개(60g)$표고버섯@6개(120g)$청양고추@3개(30g)$꽈리고추@5개(30g)$홍고추@2개(20g)$대파@2대(200g)$양파@1개(250g)$물@10컵(1800ml)$
* 양념장 재료
대파@1/2컵(30g)$간 생강@1/2큰술(10g)$간 마늘@2큰술(40g)$진간장@1컵(180ml)$황설탕@1/2컵(70g)$맛술@1/2컵(90g)$참기름@4큰술(28g)$물@1컵(180ml)$","1. 소갈비는 하루 전날 찬물에 담가 핏물을 제거하여 준비한다. 
2. 냄비에 소갈비가 잠길 정도의 물을 붓고 물이 끓어오르면 소갈비를 넣어 약 5~7분 정도 익힌다. 
  Tip: 조리 중에 소갈비 뼛속의 피가 흘러나오면 양념의 맛이 떨어지기 때문에 피가 흘러나오지 않게 응고시킨다. 
3. 데친 소갈비는 흐르는 물에 씻어 불순물을 제거하고 체에 밭쳐 준비한다. 
4. 양념장용 대파는 두께 0.3cm 정도로 송송 썰어 준비한다. 
5. 볼에 진간장, 황설탕, 맛술, 간 마늘, 간 생강, 물, 참기름, 양념장용 대파를 넣고 골고루 섞어 갈비찜 양념을 만들어 준비한다. 
  Tip: 기호에 따라 황설탕을 줄이고 꿀이나 물엿을 사용해도 좋다. 
6. 냄비에 데친 소갈비, 갈비찜 양념을 넣고 물을 붓는다.  
  Tip: 사용하는 화력에 따라 물을 조절한다.  
7. 물이 졸아들 정도로 조절하면서 중 불에 약 40분 정도 끓인다. 
8. 양파는 큼지막하게 깍둑썰기하고, 대파는 길이 5cm로 썬다. 
9. 무는 1.5cm 두께로 썬 뒤 4등분하고 칼이나 감자칼을 이용하여 모서리를 둥글게 깎는다. 
10. 당근은 1.5cm 두께로 썬 뒤 칼이나 감자칼을 이용하여 모서리를 둥글게 깎는다. 
11. 표고버섯은 밑둥 제거 후 3개는 4등분 하고, 나머지는 십자 모양 칼집을 넣어 고명용으로 준비한다. 
12. 새송이는 큼직하게 연필깎듯 썰어서 준비한다. 
13. 홍고추, 청양고추, 꽈리고추는 3등분 어슷썰기 하여 준비한다. 
14. 40분 끓인 소 갈비찜은 위에 뜬 기름을 국자로 떠내어 제거하고 무, 양파를 넣어 중 불로 줄여 약 15분 정도 졸인다.   
15. 무가 반 정도 익으면 당근, 새송이버섯, 표고버섯을 넣고 약 20분 정도 졸인다. 
  Tip: 사용하는 냄비의 크기, 화력에 따라 물 조절을 하면서 졸이고, 당근, 무의 모양이 으깨지지 않도록 주의한다. 
16. 마지막으로 홍고추, 청양고추, 꽈리고추, 대파를 넣고 주걱을 사용하여 뒤적이며 섞어준 후 바로 불을 끄고 잔열로 익힌다. 
17. 소 갈비찜을 접시에 담아 완성한다. ",https://www.youtube.com/watch?v=v32NjYn5pSc&list=PLoABXt5mipg6mIdGKBuJlv5tmQFAQ3OYr&index=74
동그랑땡,약 20개 분량,"*동그랑땡 반죽
간 돼지고기@약2컵(360g)$간 돼지고기 지방@약1컵(150g)$간 마늘@1큰술(20g)$진간장@3큰술(30g)$황설탕@1큰술(12g)$대파@1과 1/5대(120g)$청양고추@6개(60g)$당근@적당량$참기름@1큰술(7g)$꽃소금@약간(2g)$후추가루@약간$MSG@약간$
*부침용 재료
계란@2개$식용유@적당량$","1. 대파, 청양고추는 반 갈라 송송썬다. 
2. 당근은 잘게 다져서 준비 한다.  
3. 볼에 간 돼지고기 지방, 간 돼지고기, 간마늘, 진간장, 황설탕, 대파, 청양고추, 당근을 넣는다. 
4. 젓가락 4~5개를 잡고 한 쪽 방향으로 계속 저어주면서 반죽을 골고루 치대어 섞는다. 
5. 꽃소금을 넣어 반죽이 찐득해 질 때까지 골고루 섞는다. 
   Tip. 기호에 맞게 MSG를 추가한다. 
6. 반죽에 찰기가 생기면 참기름, 후춧가루를 넣고 섞는다. 
7. 볼에 달걀을 풀어 준비한다. 
8. 프라이팬에 기름을 넉넉히 두르고 중 불에 달군다. 
9. 준비해둔 동그랑땡 반죽을 숟가락으로 한 숟갈 떠내고 숟가락 두 개를 이용하여 모양을 잡은 후 계란물에 담가 계란물을 입힌다. 
10. 달군 기름 위에 반죽을 올리고 가운데 부분을 숟가락으로 한 번 눌러 둥글고 납작한 모양을 만들어준다. 
11. 앞 뒤로 뒤집어가며 기름에 튀기듯이 구워준다.  
12. 노릇하게 구워진 동그랑땡을 접시에 담아 완성한다.",https://www.youtube.com/watch?v=_qnLV46GSr4&list=PLoABXt5mipg6mIdGKBuJlv5tmQFAQ3OYr&index=75
마늘 볶음밥,2인분 기준,밥@2공기(400g)$통마늘@7개(35g)$간 마늘@1큰술(20g)$스틱버터@1큰술(12g)$맛소금@1/4큰술(3.5g)$진간장@2큰술(20g)$식용유@5큰술(35g)$,"1. 통마늘은 칼등으로 으깬 후 잘게 다져서 준비한다. 
   Tip: 통마늘은 얇게 편 썰어 고명으로 사용할 수 있다.   
2. 간 마늘은 키친타월을 사용해 물기를 제거하여 준비한다. 
3. 프라이팬에 식용유를 두르고 통마늘, 간마늘을 넣어 중 불에 볶는다.  
4. 마늘이 노릇해지기 시작하면 불을 끄거나 약 불로 줄이고 골고루 섞어가며 볶는다. 
5. 전체적으로 마늘이 노릇해지면 진간장을 기름쪽에 넣고 눌리듯이 볶는다.  
6. 진간장이 볶아지면서 향이 올라오면 불을 끄고 맛소금, 밥을 넣고 숟가락과 나무주걱을 사용하여 골고루 섞는다.  
7. 버터를 넣고 프라이팬을 강 불에 올린 후 버터가 골고루 섞일 수 있도록 볶는다. 
8. 버터가 완전히 녹고 골고루 섞어지면 불을 끄고 접시에 담아 완성한다.",https://www.youtube.com/watch?v=f0hg6R84f78&list=PLoABXt5mipg6mIdGKBuJlv5tmQFAQ3OYr&index=76
20분 육개장,4인분 기준,"소고기(불고기용)@2컵(180g)$달걀@2개$불린 당면@2컵(120g)$대파@약 2와1/3대(228g)$느타리버섯@2컵(80g)$표고버섯@2컵(60g)$숙주@4컵(280g)$간 생강@약간$간 마늘@1과1/2큰술(30g)$굵은 고춧가루@3큰술(24g)$국간장@1/3컵(60ml)$꽃소금@1/3큰술(4g)$후춧가루@약간$참기름@6큰술(42g)$식용유@2큰술(14g)$물@6컵 (1,080ml)$","1. 당면은 미지근한 물에 약 30분 정도 불려 준비한다. 
2. 대파 2대는 길게 반 갈라 길이 5cm로 썰고 1/3대는 두께 0.3cm로 송송 썬다.  
3. 소고기는 한 입 크기로 썬다.  
4. 표고버섯은 심을 제거한 후 두께 0.4cm로 편 썰고, 느타리버섯은 잘게 찢어 준비한다. 
5. 달걀은 가볍게 풀어 준비한다. 
6. 냄비에 참기름과 식용유를 넣고 길게 썬 대파를 넣어 강 불에 볶는다. 
7. 대파가 반 정도 숨이 죽으면 소고기를 넣고 핏기가 없어질 때까지 볶는다 
8. 굵은 고추가루를 넣고 볶아 고추기름이 나오면 물을 붓는다. 
   Tip. 바닥에 붙어있는 고기는 주걱을 이용하여 긁어내야 타지 않는다. 
9. 표고버섯, 느타리버섯, 간 마늘, 간생강, 국간장을 넣고 강 불에 끓인다. 
10. 국물이 끓어오르면 숙주를 넣고 팔팔 끓으면 간을 본 후 기호에 맞게 꽃소금을 넣어 간을 맞춘다. 
   Tip. 기호에 맞게 소고기다시다 또는 미원을 추가한다. 
11. 불린당면을 넣고 끓어 오르면 풀어 둔 달걀을 둘러 넣는다. 
  Tip. 달걀물을 넣고 젓지 않는다. 
12. 달걀물이 익으면 그릇에 육개장을 담은 후 후춧가루와 고명용 대파를 올려 완성한다.",https://www.youtube.com/watch?v=jN_inaLf9Zo&list=PLoABXt5mipg6mIdGKBuJlv5tmQFAQ3OYr&index=77
베이컨 크림 파스타,,"*면 삶기
정수물@8과1/3컵(1.5L)$스파게티면@90g$꽃소금@1큰술(12g)$올리브유@약간$
*베이컨크림파스타
베이컨@2줄(32g)$양파@1/2개(125g)$양송이 버섯@1과 1/2개(30g)$밀가루@1/2큰술(5g)$우유@1팩(200ml)$버터@약1큰술(15g)$올리브유@2큰술(14g)$파르메산 치즈@2큰술(16g)$꽃소금@1/6큰술(2g)$삶은스파게티면@전량$후춧가루@적당량$파슬리가루@적당량$","*면 삶기 
1. 냄비에 정수물, 꽃소금, 올리브유를 넣고 스파게티면 삶을 물을 끓인다. 
2. 물이 끓어오르면 면을 돌려서 펼쳐 넣고 붙지않도록 저어주면서 약 6분 정도 삶아 준비한다. 
Tip: 크림파스타 농도 조절을 위해 면수는 버리지 않고 따로 보관해둔다.  
3. 삶아진 스파게티면은 체에 밭쳐 건져낸다. 
*베이컨크림파스타 
1. 베이컨은 두께 1cm 정도로 자르고, 양파는 가로, 세로 0.5cm 정도로 다져 준비한다. 
2. 양송이 한 개는 가로,세로 0.5cm 정도로 다지고, 반 개는 두께 0.5cm로 편 썰어 준비한다. 
Tip: 슬라이스 4조각 정도만 보이게 편 썰어서 넣어준다. 
3. 프라이팬에 베이컨, 다진양파, 다진 양송이 버섯, 올리브유를 넣고 중 불에 볶는다.  
4. 양파가 노릇해 질 때까지 충분히 볶는다. 
5. 양파에 색이 나면 버터를 넣어 볶고, 버터가 녹으면 우유, 편 썰은 양송이 버섯, 스파게티 면을 넣어 졸인다. 
6. 밀가루를 넣고 잘 풀어 주어 농도 조절을 한다. 
7. 불을 약 불로 줄인 후 꽃소금으로 간을 한다. 
Tip: 소스 농도가 너무 되직하면 면수를 추가한다. 
8. 불을 끄고 파르메산 치즈를 골고루 뿌려 섞는다. 
9. 후춧가루를 뿌려준 후 접시에 담고 파슬리 가루를 뿌려 완성한다. 
Tip: 기호에 따라 우유를 추가해 소스를 더 만들어 사용한다.",https://www.youtube.com/watch?v=0bnFoRQebq0&list=PLoABXt5mipg6mIdGKBuJlv5tmQFAQ3OYr&index=78
콩나물불고기,4인분 기준,"*양념장
진간장@4큰술(40g)$맛술@4큰술(40g)$황설탕@2와1/3큰술(28g)$굵은 고춧가루@약2큰술(18g)$고추장@2와4/5큰술(56g)$간마늘@1과4/5큰술(36g)$통깨@1/2큰술(2.5g)$
*볶음
대패삼겹살@280g$콩나물@300g$대파@1과1/5대(120g)$양파@3/5개(150g)$청양고추@1개(10g)$깻잎@4장(8g)$양념장@전량$깨소금@적당량$","1. 콩나물은 깨끗하게 세척하여 체에 밭쳐 물기를 제거한다. 
2. 볼을 준비한 후 진간장, 맛술, 황설탕, 굵은 고춧가루, 고추장, 간마늘을 섞어 양념장을 만든다. 
3. 양파는 두께 0.5cm 정도로 채 썰어 준비한다. 
4. 대파는 반 갈라 길이 5cm 정도로 길게 썬다. 
5. 청양고추는 송송 썰고 깻잎은 세로로 반 자른 후 두께 1cm 정도로 채썰어 뭉쳐진 것을 풀어서 준비한다. 
6. 넓고 낮은 프라이팬에 콩나물을 깔고 그 위에 대패 삼겹살을 올린다. 
7. 대패 삼겹살 위에 준비한 대파, 양파, 청양고추, 깻잎을 올려 담는다. 
8. 양념장을 재료 위에 한바퀴 돌려가며 붓는다. 
9. 깨소금 적당량을 뿌려 완성한다. 
10. 완성된 콩나물 불고기를 가스버너에 올려 중 불에 수분이 나올 때까지 기다린다. 
11. 채소에서 수분이 나오기 시작하면 골고루 뒤적이며 익혀 완성한다.",https://www.youtube.com/watch?v=iGhOobaQHso&list=PLoABXt5mipg6mIdGKBuJlv5tmQFAQ3OYr&index=79
기름떡볶이,2인분 기준,떡볶이떡@2컵(320g)$대파@1/2컵(30g)$굵은 고춧가루@1큰술(8g)$고운 고춧가루@1/2큰술(3g)$황설탕@1과1/2큰술(18g)$참기름@1큰술(7g)$진간장@1과1/2큰술(15g)$식용유@3큰술(21g)$깨소금@적당량$,"1. 떡볶이떡은 깊은 볼에 담아 물에 씻은 후 체에 밭쳐 물기를 제거한다.  
2. 대파는 두께 0.5cm로 송송 썰어 준비한다. 
3. 깊은 볼에 대파, 황설탕, 진간장, 참기름, 물기를 제거한 떡볶이떡을 넣어 골고루 버무린다. 
4. 양념과 골고루 섞인 떡볶이에 굵은 고춧가루, 고운고춧가루를 넣어 골고루 버무린다. 
5. 떡볶이에 색이 나면 식용유를 넣고 버무린다. 
6. 약 불에 프라이팬을 올리고 떡이 골고루 바닥에 닿도록 펼쳐서 올린다. 
7. 떡볶이가 타지 않게 떡을 굴려가며 바짝 굽는다.  
8. 떡이 말랑말랑 해졌는지 확인 하고 기호에 맞게 황설탕을 뿌려 코팅한다. 
9. 떡볶이를 접시에 담고 깨소금을 뿌려 완성한다.",https://www.youtube.com/watch?v=CQZyh-OszCo&list=PLoABXt5mipg6mIdGKBuJlv5tmQFAQ3OYr&index=81
분홍소시지전,,"*간단버전
분홍소시지@적당량$꽃소금@적당량$식용유@적당량$
*달걀물버전
분홍소시지@7조각(약 196g)$부침가루@2큰술(20g)$달걀@1개$식용유@적당량$
*한판버전
분홍소시지@7조각(약 196g)$식용유@3큰술(21g)$달걀@1개$대파@1큰술(10g)$꽃소금@1꼬집$","*간단버전 
1. 분홍소시지는 1cm 정도 두께로 잘라 준비한다. 
2. 프라이팬에 식용유를 넉넉히 두르고 분홍소시지를 올린다.  
3. 소시지 한 쪽면이 노릇하게 익으면 뒤집어 소시지 위에 꽃소금을 뿌린다.  
4. 소시지를 다시 뒤집어 반대편에도 꽃소금을 뿌린다.   
5. 양쪽면의 색이 노릇하게 나면 접시에 담아 완성한다. 
*달걀물버전 
1. 분홍소시지는 1cm 정도 두께로 잘라 준비한다. 
2. 비닐봉지에 분홍소시지, 부침가루를 넣고 흔들어 소시지에 부침가루를 골고루 묻힌다. 
3. 깊은 볼에 달걀을 풀어 준비한다. 
4. 프라이팬에 기름을 넉넉히 두르고 강 불에 예열한다. 
5. 부침가루를 묻힌 소시지를 달걀물에 담궈 골고루 입힌다. 
6. 달걀물 입힌 소시지를 예열 된 프라이팬에 올려 양쪽 면을 노릇하게 굽는다. 
7. 구워진 소시지를 접시에 담아 완성한다. 
*한판버전 
1. 분홍소시지는 1cm 정도 두께로 7조각을 잘라 준비한다. 
2. 대파는 가늘게 송송 썬다. 
3. 깊은 볼에 달걀, 꽃소금, 대파를 넣고 잘 풀어 준비한다. 
4. 프라이팬에 식용유를 두르고 강 불에 분홍소세지를 굽는다. 
5. 소시지 한쪽 면이 노릇하게 익으면 뒤집어 소세지 위치를 일정한 간격으로 자리 잡는다. 
6. 소시지 사이사이 달걀물을 부어 소시지와 달걀이 한 판이 될 수 있도록 한다. 
7. 달걀물이 잘 익을 수 있도록 프라이팬을 골고루 돌려가면서 익힌다. 
8. 접시를 달걀 위에 엎어서 얹은 후 프라이팬을 뒤집어 완성 접시에 옮긴다. 
9. 케찹을 뿌려 완성한다.",https://www.youtube.com/watch?v=vcb0uw4HIJA&list=PLoABXt5mipg6mIdGKBuJlv5tmQFAQ3OYr&index=82
허니버터브레드,1개 기준,통식빵@1/4개(5cm)$물엿@약1/5컵(50g)$황설탕@1/7컵(20g)$스틱버터@1/2개(40g)$바닐라아이스크림@적당량$생크림@적당량$,"1. 물엿과 설탕을 함께 넣고 잘 저어 시럽을 만들어 준비한다. 
2. 통식빵은 5cm 두께로 자른다. 
3. 식빵의 밑 바닥 1cm 정도 남기고 바닥 부분이 끊어지지 않게 가로세로 3등분씩 칼집을 낸다.  
Tip: 나무 젓가락을 식빵 양쪽 면 아래에 대고 자르면 쉽게 자를 수 있다. 
4. 만들어 둔 시럽은 1/3큰술 정도씩 칼집 사이사이에 골고루 바른다. 
5. 남은 시럽은 빵의 윗면에도 골고루 바른다. 
6. 스틱버터는 0.5cm 두께로 길게 잘라 빵 위에 올린다. 
7. 에어프라이어 밑 바닥에 호일을 깔고 빵을 넣은 후 180도에 약10분 정도 굽는다. 
Tip: 쿠킹호일을 바닥에만 펼쳐 깔아야 빵 옆 쪽 부분까지 색을 골고루 낼 수 있다.  
8. 그릇에 옮겨담은 후 바닐라 아이스크림이나 생크림을 올려 완성한다.",https://www.youtube.com/watch?v=UArNVpF7PIY&list=PLoABXt5mipg6mIdGKBuJlv5tmQFAQ3OYr&index=83
통옥수수구이,,삶은 옥수수@2개$마요네즈@5큰술(80g)$황설탕@2큰술(24g)$파마산 치즈가루@적당량$고운 고춧가루@적당량$,"1. 식은 옥수수는 전자레인지에 30초~1분 정도 돌려 따뜻하게 준비한다. 
   (낱알 옥수수는 떼어서 전자레인지에 돌려 준비한다.) 
2. 옥수수는 칼을 이용하여 반으로 잘라 심지 부분에 나무젓가락을 꽂는다. 
3. 프라이팬을 약 불에 올린 후 마요네즈, 황설탕을 넣고 저어가며 설탕을 녹여 마요네즈소스를 만든다. 
4. 준비해 둔 옥수수에 주걱을 이용하여 마요네즈소스를 골고루 묻힌다. 
   (낱알 옥수수는 소스에 넣고 버무린다.) 
5. 소스가 묻은 옥수수에 파마산치즈가루를 뿌려 그릇에 담는다.  
6. 고운고춧가루를 골고루 뿌려 완성한다. 
   (아이들이 먹을 경우 고춧가루를 뿌리지 않는다.)",https://www.youtube.com/watch?v=9YlFFVisCBY&list=PLoABXt5mipg6mIdGKBuJlv5tmQFAQ3OYr&index=84
달걀장조림,,삶은달걀@20개$마늘@20개(100g)$꽈리고추@약16개(100g)$청양고추@4개(40g)$물@약5와1/2컵(1L)$진간장@1과1/2컵(285ml)$황설탕@약2/3컵(96g)$물엿@약1/4컵(64g)$,"1. 냄비에 물, 진간장, 황설탕, 물엿을 넣는다.  
2. 강불로 켜고 저어가며 설탕을 녹인다. 
3. 간장 물에 삶은 달걀을 넣어 약 30분 정도 끓인다. 
   (시간과 관계없이 원하는 색이 날 정도까지 졸여도 무관하다.) 
4. 꽈리고추는 이쑤시개를 이용해 3~4번 찔러 구멍을 낸다. 
5. 마늘은 3~4등분 정도 크기로 편 썬다.  
6. 청양고추는 1cm 정도 두께로 어슷 썬다. 
7. 약 30분이 지나면 꽈리고추, 마늘, 청양고추를 넣고 약 1분 정도 끓여 완성한다. 
8. 완성한 달걀 장조림은 식혀서 밀폐 용기에 넣어 보관한다.",https://www.youtube.com/watch?v=3p4xH_IZhH4&list=PLoABXt5mipg6mIdGKBuJlv5tmQFAQ3OYr&index=85
옥수수 삶기,,찰옥수수@6개$물@약16과1/2컵(3000ml)$꽃소금@1과2/3큰술(20g)$황설탕@3큰술(36g)$뉴슈가@3큰술(30g)$,"1. 옥수수는 껍질을 마지막 겹만 남기고 벗겨낸 후 수염을 제거한다.  
2. 손질한 옥수수는 깨끗하게 세척한다.  
3. 냄비에 옥수수가 잠길 정도의 물을 채워주고, 옥수수를 넣는다. 
4. 꽃소금, 황설탕, 뉴슈가를 넣고 옥수수를 강 불에 삶아준다. 
5. 물이 끓기 시작하면 중 불로 줄인 후 냄비 뚜껑을 덮고 약 30~40분 정도 삶아 완성한다.",https://www.youtube.com/watch?v=VNw-hUTboNs&list=PLoABXt5mipg6mIdGKBuJlv5tmQFAQ3OYr&index=86
무 파 라면,,무@200g$새우젓@약2/3큰술(14g)$들기름@2큰술(14g)$간마늘@1/2큰술(10g)$정수물@약3컵(550ml)$대파@약1/2대(50g)$청양고추@2개(20g)$,"1. 무는 0.5cm정도 두께로 채 썬다. 
2. 청양고추,대파는 두께 0.3cm로 송송 썬다.  
3. 냄비에 들기름, 새우젓을 넣고 중 불에 볶는다. 
4. 새우젓이 볶아지면 무를 넣고 볶는다. 
5. 무에서 물이 나오기 시작하면 간마늘을 넣고 약 불에서 무가 연해질 때 까지 볶는다. 
6. 무가 부드럽게 휘어지면 강 불로 켜고 정수물을 붓고 건더기스프, 분말스프를 넣는다. 
7. 물이 끓어오르면 면을 넣고 잘 풀어준다.  
8. 면이 풀어지면 청양고추를 넣고 1분 정도 끓인다. 
9. 완성 되기 10초 전에 대파를 넣어 완성한다.",https://www.youtube.com/watch?v=HwtpISNf3wU&list=PLoABXt5mipg6mIdGKBuJlv5tmQFAQ3OYr&index=88
돼지고기 김치찌개,,돼지고기(목살)@1컵(130g)$신김치@3컵(390g)$물@3컵(540ml)$청양고추@2개(20g)$대파@약 2/3대(70g)$간 마늘@1큰술(20g)$굵은 고춧가루@1큰술(8g)$고운 고춧가루@1/2큰술(3g)$국간장@1큰술(10g)$새우젓@1큰술(20g)$,"1. 돼지고기는 1.5cm 정도 두께로 먹기 좋게 자른다.  
2. 냄비에 돼지고기, 정수물, 새우젓을 넣고 강 불로 끓인다.  
3. 찌개가 끓어오르면 중 약불로 줄인 후 고기가 무를 때 까지 최소 10분 정도 끓인다. 
4. 대파는 두께 0.5cm로 송송썬다. 
5. 청양고추는 두께 0.5cm로 어슷썬다. 
6. 10분 후 물이 졸아들면 졸아든 만큼의 물을 보충한 후 신김치, 국간장, 굵은 고춧가루, 고운 고춧가루, 간 마늘을 넣는다.  
7. 찌개가 팔팔 끓으면 대파, 청양고추를 넣는다.   
8. 완성 직전에 고춧가루를 뿌려 완성한다.",https://www.youtube.com/watch?v=qWbHSOplcvY&list=PLoABXt5mipg6mIdGKBuJlv5tmQFAQ3OYr&index=89
참기름달걀라면,,라면@1개$정수물@3컵(540g)$달걀@3개$참기름@1큰술(7g)$대파흰부분@약 1/2대(30g)$청양고추@1개(10g)$,"1. 냄비에 물, 분말스프, 건더기스프를 넣고 끓인다. 
2. 볼에 달걀을 깨트려 넣고 골고루 풀어 준비한다. 
3. 청양고추는 반 갈라, 대파는 송송 썰어 준비한다. 
4. 국물이 끓으면 면을 넣는다. 
5. 집게를 이용하여 면을 풀어주고 면이 완전히 풀린 시점으로부터 1분 정도 더 끓인다. 
6. 면을 완성 그릇에 건져낸다. 
7. 국물을 센 불에 다시 올리고 끓으면 풀어 둔 달걀을 넣어 15번을(15초) 저어주며 끓인다. 
8. 완성 후 면 위에 붓는다. 
9. 위에 대파, 청양고추를 올리고 참기름을 둘러 완성한다.",https://www.youtube.com/watch?v=ak5PBQQfPVI&list=PLoABXt5mipg6mIdGKBuJlv5tmQFAQ3OYr&index=90
소고기 된장찌개,2인분,소고기(양지)@60g$두부@약 1/2모(80g)$돼지 호박@약 1/2컵(30g)$무@약 1/2컵(50g)$양파@약 1/2컵(40g)$대파@약 1/3대(30g)$청양고추@2개(20g)$홍고추@1개(10g)$물@2컵(380ml)$된장@3큰술(60g)$굵은 고춧가루@1/3큰술(2g)$간 마늘@1/2큰술(10g)$,"1. 냄비에 소고기를 넣고 볶는다. 
   (냄비의 두께에 맞게 불 조절을 하며 소고기를 볶아준다.) 
2. 무는 사방 2cm 크기, 0.5cm 두께로 썬다. 
3. 청양고추, 홍고추는 1cm 두께로 어슷, 대파는 1cm 두께로 송송 썬다. 
4. 돼지 호박은 3등분 하여 0.5cm 두께로 썬다. 
5. 양파는 적당한 크기로, 두부는 주사위 모양으로 썬다. 
6. 소고기가 익으면 물을 붓고 무, 된장을 넣고 10분 정도 약불로 끓여준다. 
   ( 한번 끓여 식힌 후, 다시 끓여주면 더 깊은 된장찌개를 만들 수 있다. ) 
7. 10분 후, 채소와 두부, 간 마늘과 굵은 고춧가루를 넣어 5분 정도 끓여준다. 
   (MSG는 기호에 맞게 넣어 준다.) 
8. 뚝배기에 옮겨 담아 완성시켜준다.",https://www.youtube.com/watch?v=3-xgRrEX-sQ&list=PLoABXt5mipg6mIdGKBuJlv5tmQFAQ3OYr&index=91
1분 라볶이,,순한맛라면@1개$대파@약 1/3대(30g)$정수물@1과 1/2컵(270g)$황설탕@1큰술(12g)$고추장@1큰술(20g)$,"1. 대파는 송송 썰어 준비한다. 
2. 냄비에 물, 분말수프(1/2~2/3), 건더기수프, 설탕, 고추장을 넣고 풀어주며 끓인다. 
   (분말수프의 양은 기호에 맞게 조절한다.) 
3. 육수가 끓으면 면을 넣고 끓인다. 
4. 면이 완전히 풀어지면 대파를 넣고 1분정도 더 끓인다. 
5. 물이 졸아들고 면이 익으면 불을 끄고 그릇에 담아 완성한다.",https://www.youtube.com/watch?v=6e-IbuuD6ZU&list=PLoABXt5mipg6mIdGKBuJlv5tmQFAQ3OYr&index=92
수박오이냉국,,수박(속 부분)@1/8통 400g$오이@약 1/2개(100g)$정수 물@2와1/2컵(450ml)$황설탕@4와1/2큰술(54g)$환만식초@4와1/2큰술(36g)$진간장@1과1/2큰술(15g)$꽃소금@약간$얼음@적당량$,"1. 수박은 사방 2cm 정도 주사위 모양으로 썬다.  
2. 오이는 반 갈라 얇게 편 썬다. 
3. 넓은 볼에 정수 물, 황설탕, 진간장, 환만식초, 꽃소금을 넣고 섞어 냉국 육수를 만든다. 
4. 썰어놓은 수박과 오이를 육수에 넣고 섞는다. 
5. 얼음을 띄워 섞은 후 완성한다.",https://www.youtube.com/watch?v=qI1LRerUWXQ&list=PLoABXt5mipg6mIdGKBuJlv5tmQFAQ3OYr&index=93
수박화채,,수박(속 부분)@1/4통(800g)$후르츠칵테일@1/2캔(270g)$흰우유@약2와1/5컵(400ml)$사이다@1캔(250ml)$황설탕@4큰술(48g)$얼음@적당량$,"1. 수박은 사방 2cm 정도 길이의 주사위 모양으로 썬다. 
   (수박 자르기 전에 칼과 도마는 깨끗이 씻어주세요.) 
2. 후르츠칵테일은 원액과 함께 준비한다. 
3. 넓은 볼에 흰 우유, 사이다, 황설탕을 넣고 섞는다. 
4. 썰어 둔 수박과 후르츠칵테일을 우유에 넣고 섞는다.   
5. 얼음을 띄워 완성한다.",https://www.youtube.com/watch?v=wAktJuv7REY&list=PLoABXt5mipg6mIdGKBuJlv5tmQFAQ3OYr&index=94
골뱅이 파채 무침,,골뱅이@1캔(230g)$파채@약1과1/2컵(80g)$황태채@1컵(25g)$황설탕@1과1/3큰술(16g)$양조식초@약2와1/2큰술(21g)$굵은 고춧가루@1/4큰술(2g)$간 마늘@1큰술(20g)$꽃소금@1g$,"1. 골뱅이 캔을 딴 후 국물과 건더기를 체에 밭쳐 분리한다. 
2. 골뱅이 큰 것은 ½로 자르고 작은 것은 그대로 준비한다. 
3. 황태채는 5cm 정도 길이로 잘라 골뱅이 국물에 골고루 적셔 건져내어 불린다. 
4. 파채는 가위를 이용하여 먹기 좋은 길이로 자른다.  
5. 넓은 볼에 골뱅이, 황설탕, 식초, 굵은 고춧가루, 간 마늘, 꽃소금, 불린황태채를 넣어 조물조물 섞는다. 
6. 파채를 넣고 숨이 죽지 않게 버무려서 완성 접시에 옮겨 담는다. 
   (기호에 맞게 양념을 추가해 무쳐 준다.)",https://www.youtube.com/watch?v=4SEy2py0W_w&list=PLoABXt5mipg6mIdGKBuJlv5tmQFAQ3OYr&index=96
돼지고기 뭇국,,식용유@약3큰술(23g)$돼지고기 후지@200g$진간장@4큰술(40g)$정수물@10컵(1800ml)$무@약1/4개(575g)$간 생강@1/10큰술(2g)$맛소금@약1/3큰술(5g)$대파@약 1컵(60g)$후춧가루@약간$,"1. 무는 길게 4등분 하여 두께 1cm 정도로 썬다. 
2. 대파는 송송 썬다.  
3. 돼지고기는 가로, 세로 2.5cm 정도로 큼직하게 썬다. 
4. 냄비에 식용유를 두르고 썰어놓은 돼지고기를 넣고 볶는다. 
5. 고기가 하얗게 익으면 진간장을 넣고 졸이듯이 볶는다. 
6. 간장이 졸아들면 정수물, 무, 간 생강, 대파를 넣고 약 30분간 중 불에 끓인다. 
7. 맛소금을 이용하여 간을 맞춘 후 불을 끈다. 
8. 그릇에 담은 후 후춧가루를 뿌려 완성한다.",https://www.youtube.com/watch?v=M8RXmDJ3W-s&list=PLoABXt5mipg6mIdGKBuJlv5tmQFAQ3OYr&index=97
수박 주스,,수박(속 부분)@500g$설탕@5큰술(60g)$얼음@적당량$탄산수@1/3병(100ml)$,"1. 수박을 적당한 크기로 깍둑 썰어 준비한다. 
   (깍둑 썰은 수박은 소분하여 냉동시켜 준다.) 
2. 믹서기에 깍둑 썰은 수박, 설탕을 넣어 갈아준다. 
3. 갈아준 수박주스에 얼음을 넣고 다시 한번 갈아준다. 
4. 수박주스를 컵의 2/3 정도 따라주고, 탄산수를 1/3 정도 넣어 마무리한다.",https://www.youtube.com/watch?v=PjQfWuNHZlo&list=PLoABXt5mipg6mIdGKBuJlv5tmQFAQ3OYr&index=99
어묵 비빔라면,,"* 양념장 재료
대파@1/2대(50g)$황설탕@1큰술(12g)$굵은 고춧가루@1/2큰술(4g)$고추장@약1/3큰술(6g)$분말스프@1개$참기름@1큰술(7g)$식용유@1큰술(7g)$
* 비빔라면 재료
라면사리@1개$건더기 스프@1개$물@3컵(540ml)$사각어묵@1장(50g)$새송이버섯@1개(60g)$통깨@약간$","1. 어묵은 0.3cm 두께로 길게 채 썬다. 
2. 새송이버섯은 0.3cm 두께로 편 썰어 0.3cm 두께로 채 썬다. 
3. 대파는 송송 썰어 준비한다. 
4. 큰 볼에 굵은 고춧가루, 황설탕, 고추장을 넣는다. 
5. 팬에 분말수프를 넣고 약불로 살짝 볶아 풋내를 날려 볼에 넣어준다. 
6. 팬에 참기름과 식용유를 넣고 대파를 중약 불에서 노릇하게 볶아 파 기름을 낸다. 
7. 볼에 준비해 둔 양념 재료에 파 기름을 넣어 뭉치지 않게 섞는다. 
8. 냄비에 물을 넣고 끓으면 면, 건더기 수프를 넣고 끓여준다. 
9. 라면이 풀어질 정도로 익을 때쯤 어묵과 새송이버섯을 넣어 익힌다. 
10. 면이 익으면 찬물에 넣어 헹군 후 체에 밭쳐 물기를 제거한다. 
11. 만들어 둔 양념장과 익혀 둔 면과 건더기를 넣고 버무린다. 
12. 완성 접시에 옮겨 담아 통깨 뿌려 마무리한다. 
Tip. 기호에 따라서 양조식초를 넣어 드셔도 됩니다.",https://www.youtube.com/watch?v=guc9-PYM7ak&list=PLoABXt5mipg6mIdGKBuJlv5tmQFAQ3OYr&index=100
닭곰탕,,"* 닭 육수 재료
닭(9호)@1마리$양파@125g$대파@1대(100g)$물@17컵(3060ml)$
* 닭곰탕 재료
삶은 닭@1마리$대파@8큰술(56g)$밥@4공기(800g)$꽃소금@1큰술(12g)$후춧가루@약간$","* 닭 육수 만드는 법 
1. 칼이나 가위를 이용하여 닭의 배를 갈라 펼친다. 
2. 내장과 불순물 등은 손가락으로 밀어내듯이 빼내서 씻어 준비한다. 
3. 대파는 큼직하게 썰고 양파는 껍질째 준비한다. 
4. 큰 냄비에 물, 닭, 양파, 대파를 넣고 불에 올린 후 대략 30분 정도 삶는다. 
5. 30분 정도 삶은 후 닭 발목의 살이 올라가고 뼈가 보이면 집게를 이용해 가슴살과 발목의 살을 찢어 익었는지 확인한다. 
6. 닭이 익으면 닭은 건져내고 육수는 30분 정도 더 끓여 준다. 
   (닭이 크거나 토종닭이면 삶는 시간을 늘려준다.) 
* 닭곰탕 만드는 법 
1. 삶은 닭고기는 살을 발라 먹기 좋은 크기로 찢는다. 
2. 닭 육수에 살 바른 닭 뼈를 넣고 불을 켜고 꽃소금을 넣고 다시 한번 팔팔 끓인다. 
3. 대파는 0.3cm 두께로 송송 썬다. 
4. 뚝배기에 밥을 넣어 준다. 
5. 밥 위에 발라놓은 닭고기 살을 올린다. 
6. 체를 준비한 후 걸러서 육수를 붓고 대파, 후춧가루를 뿌려 완성한다.",https://www.youtube.com/watch?v=kzYgtXDcGQ4&list=PLoABXt5mipg6mIdGKBuJlv5tmQFAQ3OYr&index=102
우유카레,3인분,식용유@약 5큰술(36g)$간 돼지고기@약 1/2컵(80g)$당근@약1/7개(36g)$양파@약1/2개(120g)$감자@약1/4개(46g)$돼지호박@1/8개(50g)$우유@약3컵(530g)$카레가루@10큰술(80g)$굵은고춧가루@약1/3큰술(2.5g)$밥@약 3공기(600g)$쪽파@약간$,"1. 양파, 당근, 감자, 돼지 호박은 가로 세로 0.5cm 정도로 잘게 썬다. 
2. 쪽파는 송송 썬다. 
3. 팬에 식용유를 두르고 양파를 넣고 충분히 볶아준 후, 간 돼지고기를 넣고 뭉치지 않게 풀어가며 볶는다. 
4. 고기와 양파가 살짝 노릇하게 볶아지면 감자, 당근을 넣고 볶는다. 
5. 감자와 당근이 익으면 돼지호박을 넣고 볶는다. 
6. 돼지호박이 익으면 굵은고춧가루를 넣고 기름에 볶아 풋내를 날린다. 
7. 고춧가루가 채소와 골고루 볶아지면 우유를 넣고 저어가며 끓인다. 
8. 우유의 가장자리가 끓으면 카레가루를 넣고 저어가며 끓인다. 
9. 걸쭉한 농도가 나면 불을 끈다. 
10. 그릇에 밥을 담고, 우유 카레를 올린다. 
11. 고명으로 쪽파를 올려 완성한다.",https://www.youtube.com/watch?v=zfMHTfJ3Ih0&list=PLoABXt5mipg6mIdGKBuJlv5tmQFAQ3OYr&index=103
파프리카 무침,,"* 고추장파프리카무침
노랑파프리카@120g$빨강파프리카@120g$대파@약1/5대(16g)$고추장@약2큰술(42g)$통깨@약1과1/2큰술(8g)$황설탕@2/3큰술(8g)$굵은고춧가루@1큰술(8g)$간마늘@4/5큰술(16g)$참기름@2큰술(14g)$
* 된장파프리카무침
노랑파프리카@120g$빨강파프리카@120g$대파@약1/5대(16g)$된장@1과1/2큰술(30g)$통깨@약1과1/2큰술(8g)$황설탕@약2/3큰술(10g)$굵은고춧가루@3/4큰술(6g)$간마늘@4/5큰술(16g)$참기름@약2큰술(16g)$","* 고추장파프리카무침 
1. 파프리카는 씨와 꼭지를 제거한 뒤, 0.4cm 두께로 채 썬다. 
2. 대파는 송송 썬다. 
3. 볼에 파프리카 2종, 대파, 간마늘, 황설탕, 고추장, 굵은고춧가루를 넣어 골고루 버무린다. 
4. 참기름을 넣고 버무린 후 통깨 뿌려 마무리한다. 
   (통깨를 절구에 갈아서 넣어줘도 된다.) 
5. 그릇에 옮겨 담고 통깨를 뿌려 완성한다. 
* 된장파프리카무침 
1. 파프리카는 씨와 꼭지를 제거한 뒤, 0.4cm 두께로 채 썬다. 
2. 대파는 송송 썬다. 
3. 볼에 파프리카 2종, 대파, 간마늘, 황설탕, 된장, 굵은고춧가루를 넣어 골고루 버무린다. 
4. 참기름을 넣고 버무린 후 통깨를 뿌려 마무리한다. 
   (통깨를 절구에 갈아서 넣어줘도 된다.) 
5. 그릇에 옮겨 담고 통깨를 뿌려 완성한다.",https://www.youtube.com/watch?v=bZWlQXGywRc&list=PLoABXt5mipg6mIdGKBuJlv5tmQFAQ3OYr&index=104
옥수수 전,,통조림 옥수수@1캔(340g)$옥수수전분가루@약 7큰술(69g)$물@1/4컵(45ml)$꽃소금@1/8큰술 (1.5g)$식용유@약 6큰술(42g)$연유@4큰술(52g)$파마산 치즈@적당량$고춧가루@적당량$,"*옥수수 전 (부침 버전) 
1. 통조림 옥수수는 체에 밭쳐 국물은 따라 버리고 옥수수 알갱이만 준비해 놓는다. 
2. 볼에 물기를 뺀 통조림 옥수수, 옥수수 전분가루, 물을 넣는다. 
3. 재료를 숟가락으로 골고루 섞어 질척한 상태의 반죽을 만든다. 
4. 팬에 식용유를 두르고 불에 올려 달군 다음 옥수수 반죽을 얇게 올린다. 
   ( 작은 크기로 옥수수 반죽을 올려주면 뒤집기 쉽다. )  
5. 숟가락으로 반죽 가장자리 모양을 잡는다. 
6. 뒤집개를 이용해 앞뒤로 뒤집어가며 노릇노릇하게 굽는다. 
7. 바삭하게 구워진 옥수수 전을 완성 접시에 옮겨 담는다. 
8. 연유를 모양을 내어 뿌려서 완성한다. 
9. 기호에 따라 파마산 치즈에 고운 고춧가루 살짝 뿌려 먹는다. 
*옥수수 전 (튀김 버전) 
1. 통조림 옥수수는 체에 밭쳐 국물은 따라 버리고 옥수수 알갱이만 건져놓는다. 
2. 볼에 물기를 뺀 통조림 옥수수, 옥수수 전분가루, 물을 넣는다. 
3. 재료를 숟가락으로 골고루 섞어 질척한 상태의 반죽을 만든다. 
4. 팬에 식용유를 넉넉히 두르고 불에 올려 달군 다음 옥수수 반죽을 펴듯이 올린다. 
5. 노릇하게 튀겨지면서 떠오르면 건져낸다. 
6. 바삭하게 튀겨진 옥수수 전을 완성 접시에 옮겨 담는다. 
7. 연유를 모양을 내어 뿌려서 완성한다. 
8. 기호에 따라 파마산 치즈에 고운 고춧가루 살짝 뿌려 먹는다.",https://www.youtube.com/watch?v=yI67M3IS4GI&list=PLoABXt5mipg6mIdGKBuJlv5tmQFAQ3OYr&index=106
김치전,,신김치@약2컵(260g)$황설탕@1/2큰술(6g)$물@1과2/3컵(300g)$부침가루@2컵(220g)$청양고추@2개(20g)$대파@2/5대(40g)$소시지@2개(90g)$고운고춧가루@1큰술(6g)$식용유@적당량$,"1. 신 김치는 가위를 이용하여 잘게 자른다. 
   (신 김치가 아니면 양조식초를 넣어주면 된다.) 
2. 대파와 청양고추는 송송 썬다. 
3. 소시지는 최대한 얇게 편 썬다. 
4. 큰 볼에 신 김치, 대파, 청양고추, 소시지를 넣고 섞는다. 
5. 고운 고춧가루, 황설탕, 부침가루, 물을 넣어 뭉치지 않게 섞는다. 
6. 프라이팬을 달군 뒤 식용유를 넉넉히 두르고 반죽을 넣어 얇게 편다. 
7. 반죽이 익기 시작하면 팬을 돌려가며 기름이 김치전 안쪽으로 들어가게 한다. 
8. 가장자리 윗부분이 익기 시작하면 뒤집는다. 
9. 뒤집은 후 팬을 돌려가면서 부쳐주고 완전히 익으면 다시 한번 뒤집어 익힌 뒤 완성한다.",https://www.youtube.com/watch?v=47OIcvpqxlo&list=PLoABXt5mipg6mIdGKBuJlv5tmQFAQ3OYr&index=107
닭볶음탕,,토막 닭고기@1마리(10호)$물@3컵(540ml)$대파@2대(200g)$청양고추@3개(30g)$홍고추@2개(20g)$새송이버섯@2개(120g)$표고버섯@2개(40g)$당근@1/3개(90g)$양파@1개(250g)$감자@2개(400g)$간 마늘@1큰술(15g)$굵은 고춧가루@1/2컵(40g)$고운 고춧가루@1큰술(6g)$진간장@4/5컵(144ml)$황설탕@3큰술(36g)$후춧가루@약간$,"1. 토막 닭고기는 뼛가루 등 불순물과 내장을 물에 씻어서 제거한 후 가위집을 내어 준다. 
2. 끓는 물에 손질한 닭을 살짝 데친 후 찬물에 헹군다. 
3. 새송이버섯, 양파는 먹기 좋은 크기로 큼직하게 썰고, 표고버섯은 적당한 크기로 썬다.  
4. 감자는 약 4등분으로 큼지막하게 썰고, 당근은 은행잎 모양으로 잘게 썬다. 
5. 대파는 4cm 길이로, 홍고추와 청양고추는 2cm 길이로 썬다. 
6. 깊은 팬에 데친 닭고기, 물, 감자, 양파, 황설탕을 넣고 뚜껑을 연채로 강불에서 끓인다. 
7. 닭고기가 하얗게 익고, 감자가 반쯤 익을 때쯤 당근과 새송이버섯, 표고버섯을 넣어준다. 
   (감자와 당근 크기가 비슷할 경우 함께 넣어 주어도 된다.) 
8. 총 15분 경과 후, 굵은 고춧가루, 고운 고춧가루를 넣고 섞는다. 
9. 진간장, 간 마늘, 후춧가루를 넣고 잘 섞은 후 끓여준다. 
10. 대파, 홍고추, 청양고추를 넣고 섞은 후 숨이 죽을 정도로만 끓여준다. 
11. 접시에 담아 완성 시켜준다.",https://www.youtube.com/watch?v=eeiqjyYgPew&list=PLoABXt5mipg6mIdGKBuJlv5tmQFAQ3OYr&index=109
두부조림,,두부@1모(290g)$새우젓@1큰술(20g)$굵은 고춧가루@2큰술(16g)$진간장@2큰술(20g)$황설탕@1/3큰술(4g)$정수 물@1컵(180ml)$간 마늘@1/2큰술(10g)$간 생강@약간$대파@1컵(60g)$청양고추@1개(10g)$들기름@1큰술(7g)$,"1. 대파, 청양고추를 두께 0.3cm로 송송 썬다. 
2. 두부를 반으로 갈라 두께 1cm로 자른다. 
3. 얇은 팬에 썰어놓은 두부를 깐다. 
4. 두부가 반쯤 잠기도록  정수물을 붓는다. 
5. 새우젓, 굵은 고춧가루, 진간장, 황설탕, 간 마늘, 간 생강, 청양고추, 대파를 넣고 졸여준다. 
    (두부가 끓어오르는 양념에 살짝 잠길 수 있게 해준다.) 
6. 양념장이 반 정도 졸아들면 들기름을 넣어 졸인다. 
7. 양념장이 자작할 정도까지 졸으면 불을 끄고 접시에 담아 완성한다.",https://www.youtube.com/watch?v=Eino3yP-Wk0&list=PLoABXt5mipg6mIdGKBuJlv5tmQFAQ3OYr&index=111
고추장 비빔국수,2인분 기준,"* 비빔국수
소면@200g$깨소금@6큰술(36g)$양념장@적당량$참기름@적당량$
* 양념장
고추장@약1/3컵(80g)$양조식초@약4큰술(30g)$황설탕@3큰술(36g)$진간장@1큰술(10g)$고운고춧가루@1/2큰술(3g)$간마늘@1큰술(20g)$","1. 고추장, 식초, 황설탕, 진간장, 고운고춧가루, 간마늘을 섞어 설탕이 녹을 정도까지 저어 양념장을 만든다. 
2. 소면은 끓는 물에 넣어 삶는다. 
3. 소면 삶는 물이 끓어 오르면 찬 물을 반 컵 정도 부어준다. 
   (이 과정을 3번 정도 반복한다.) 
4. 소면이 완전히 익으면 건져내어 찬물에넣고 빨듯이 강하게 비벼서 전분을 제거한다. 
5. 소면을 체에 밭쳐 물기를 완전히 제거한다. 
6. 완성 그릇에 소면을 담고 기호에 맞게 양념장을 얹는다. 
7. 참기름을 둘러준다. 
8. 깨소금을 절구에 빻아 비빔국수 위에 올려 완성한다.",https://www.youtube.com/watch?v=iWWQBoS3SL4&list=PLoABXt5mipg6mIdGKBuJlv5tmQFAQ3OYr&index=112
멸치강된장,,식용유@1큰술(7g)$손질한 국멸치@3마리(7g)$재래식 된장@3큰술(60g)$간 마늘@3/5큰술(12g)$황설탕@1/3큰술(4g)$굵은 고춧가루@1/4큰술(2g)$쌀뜨물@3/5컵(110g)$대파@1/3컵(20g)$양파@1/5개(50g)$청양고추@1개(10g)$,"1. 양파는 다지듯이 잘게 썰고, 대파와 청양고추는 반 갈라 잘게 썬다. 
2. 뚝배기에 식용유를 두르고 썰어놓은 양파, 대파, 청양고추를 넣고 볶아준다. 
   (기호에 맞게 식용유 양을 늘려도 된다.) 
3. 국멸치의 머리, 가시, 내장을 제거하고 손으로 잘게 찢는다.  
4. 양파가 투명하게 볶아지면 된장을 넣고 볶는다. 
5. 된장이 기름에 충분히 볶아지면 쌀뜨물을 조금씩 나눠 넣는다.  
6. 걸쭉한 느낌이 나면 손질한 국멸치를 넣고 잘 젓는다. 
7. 불을 줄여 준 후, 끓는 강된장에 황설탕, 간 마늘, 굵은 고춧가루를 넣고 섞는다. 
8. 뚝배기 벽 쪽으로 긁어주면서 강된장을 취향에 맞게 졸여 완성한다. 
9. 완성된 강된장을 상추쌈, 맨밥에 비벼 먹기,  
   삶은 콩나물과 비벼 먹기, 무생채와 비벼 먹기,  
   무생채와 채 썬 상추에 참기름을 넣고 비벼 먹는다.",https://www.youtube.com/watch?v=nFCahVPrnD0&list=PLoABXt5mipg6mIdGKBuJlv5tmQFAQ3OYr&index=113
다시마 칼국수,,"* 다시마 육수 (약 4인분)
건 다시마@54g$물@15컵(2700g)$
* 다시마 칼국수 (약 2인분)
다시마 육수@약 6컵(1100g)$칼국수 면@225g$멸치가루@3/5큰술(3g)$국간장@1큰술(10g)$꽃소금@약 1/6큰술(2.5g)$돼지 호박@약 1/5개(70g)$당근@약 1/6개(48g)$감자@약 1/3개(54g)$양파@약 1/4개(70g)$대파@2/3컵(40g)$청양고추@2개(20g)$불린 다시마 채@80g$깨소금@약간$후춧가루@약간$","* 다시마 육수 
1. 믹싱볼에 건 다시마와 따뜻한 물을 넣고 약 5~10분간 불린다. 
* 다시마 칼국수 
1. 다시마 육수를  준비해 주고, 멸치는 내장을 제거한 후, 믹서에 곱게 간다. 
2. 돼지 호박, 당근, 감자, 양파를 두께 0.4cm, 길이 7cm로 채 썬다. 
3. 대파, 청양고추는 송송 썰어 준비한다. 
4. 불린 다시마를 돌돌 말아 길게 채 썬다. 
5. 칼국수 면은 체에 밭쳐 끊어지지 않게 풀어 흐르는 찬물에 헹군다. 
6. 냄비에 다시마 육수, 국간장, 멸치가루를 넣고 끓으면 칼국수 면, 다시마 채를 넣는다. 
7. 한번 끓으면 감자, 당근, 양파를 넣고 끓인다. 
8. 꽃소금으로 간을 맞춘다. 
9. 감자가 반 정도 익으면 돼지 호박을 넣고 끓인다. 
10. 칼국수 면이 익을 때쯤 청양고추, 대파를 넣는다. 
11. 칼국수를 완성 그릇에 옮겨 담고 깨소금, 후춧가루를 뿌려 완성한다.",https://www.youtube.com/watch?v=iij0bMkadEw&list=PLoABXt5mipg6mIdGKBuJlv5tmQFAQ3OYr&index=114
달걀샌드위치,2인분,"* 달걀샌드위치
달걀@6개$식빵@4장$슬라이스치즈@2장$베이컨@3장(48g)$스틱버터@적당량$마요소스@적당량$쓰리라차마요소스@적당량$
* 마요소스
마요네즈@1/3컵(60g)$황설탕@1큰술(12g)$
* 쓰리라차마요소스
마요네즈@1/3컵(60g)$황설탕@1큰술(12g)$고운고춧가루@1/2큰술(3g)$식초@약2와1/2큰술(24g)$","1. 볼에 마요네즈, 황설탕을 넣고 설탕이 녹을 때까지 저어 마요 소스를 만든다. 
2. 볼에 마요네즈, 황설탕, 고운 고춧가루, 식초를 넣고 설탕이 녹을 때까지 저어 쓰리라차 마요 소스를 만든다. 
3. 프라이팬에 버터를 두르고 중 불에서 식빵의 한 면을 굽는다. 
4. 베이컨은 노릇하게 굽는다. 
5. 볼에 달걀을 깨트려 넣고 젓가락으로 풀어둔다.  
6. 프라이팬에 버터를 두르고 달걀을 넣는다. 
7. 달걀이 익기 시작하면 저어가며 중불에서 천천히 익힌다. 
8. 달걀이 반 정도 익으면 약 불로 줄인 후 주걱을 이용하여 식빵 크기로 모양을 잡아준다. 
9. 달걀의 가운데 부분에 달걀물이 약간 남아있을 정도에 불을 꺼준다.  
10. 달걀 위에 슬라이스 치즈를 얹어준다. 
11. 구운 면을 바닥으로 한 상태에서 식빵에 각각 마요 소스와 쓰리라차 마요 소스를 골고루 바른다. 
12. 소스 바른 빵 위에 치즈를 올린 달걀을 올리고 마요소스를 한 번 더 발라준다. 
13. 구운 베이컨을 올리고 다른 빵으로 덮어 완성한다.",https://www.youtube.com/watch?v=YXMxnHx7yZQ&list=PLoABXt5mipg6mIdGKBuJlv5tmQFAQ3OYr&index=115
순두부찌개,2인분,순두부@1팩$간 돼지고기@2/5컵(60g)$양파@약 1/6개(40g)$대파@약1/2컵(28g)$청양고추@2개(20g)$쪽파@2큰술(12g)$물@2컵(360ml)$바지락@10개(120g)$간마늘@1큰술(20g)$황설탕@1/3큰술(4g)$고운고춧가루@1큰술(6g)$참기름@3큰술(21g)$꽃소금@약1/2큰술(5g)$진간장@2큰술(20g)$달걀@2개$후춧가루@약간$,"1. 양파는 칼집을 넣어 잘게 썰고, 쪽파, 청양고추는 송송 썬다. 
2. 대파는 반으로 갈라 잘게 썬다. 
3. 바지락은 소금물에 해감하여 준비한다. 
4. 냄비에 참기름을 두르고 대파, 양파, 간 돼지고기를 넣어 중불에서 볶는다. 
5. 수분이 날아가고 기름이 나오면 고운 고춧가루를 넣어 불을 끈 상태에서 섞어준다. 
6. 고추기름이 나오면 물을 넣는다. 
7. 진간장, 황설탕, 바지락을 넣는다. 
8. 바지락이 벌어지면 꽃소금으로 간한다. 
9. 순두부를 반으로 갈라 덩어리 채로 넣은 후 숟가락을 이용해 조각 내어준다. 
10. 찌개가 끓어오르면 뚝배기에 1인분 양을 옮겨 담아 끓인다. 
11. 찌개가 끓어오르려고 하면 달걀을 깨트려 넣고 불을 끈다. 
12. 청양고추와 쪽파를 올리고 간 마늘, 후춧가루를 뿌린다.",https://www.youtube.com/watch?v=nj-DjQFEZb0&list=PLoABXt5mipg6mIdGKBuJlv5tmQFAQ3OYr&index=116
김치참치죽,,신김치@1컵(130g)$오트밀@2봉지(60g)$물@2와1/2컵(450ml)$국간장@1큰술(10g)$통조림참치@1/4캔(62g)$꽃소금@적당량$참기름@적당량$깨소금@적당량$,"1. 냄비에 신 김치, 물, 꽃소금, 국간장을 넣어 끓인다. 
2. 끓어오르기 전에 오트밀을 넣고 섞어준다. 
3. 오트밀이 퍼지고 농도가 걸쭉해질 때까지 끓인다. 
4. 완성 그릇에 옮겨 담은 후 통조림 참치를 올린다. 
5. 참기름, 깨소금을 뿌려 완성한다.",https://www.youtube.com/watch?v=JKZqaFpJHn0&list=PLoABXt5mipg6mIdGKBuJlv5tmQFAQ3OYr&index=118
고구마 피자,,고구마@300g$달걀@1개$양파@약 1/4개(62g)$베이컨@4장(64g)$피망@1/2컵(45g)$통조림 옥수수@4큰술(64g)$피자치즈@1컵(100g)$식용유@3큰술(21g)$설탕@1큰술(12g)$맛소금@적당량$,"1. 고구마는 얇게 채 썰고, 베이컨은 적당한 크기로 썰어준다. 
2. 양파, 청피망은 잘게 썰어주고 통조림 옥수수는 체를 이용하여 물기를 빼준다. 
3. 팬에 식용유를 두르고 베이컨을 볶아준다. 
4. 베이컨이 노릇하게 볶아지면 고구마와 맛소금을 넣어 볶아준다. 
5. 넓은 볼에 달걀 1개를 풀고, 손질한 양파, 피망, 옥수수, 볶은 고구마, 설탕을 넣어 섞어준다. 
6. 에어 프라이어를 180도 온도에 예열을 시켜준다. 
7. 종이 호일을 깔아 피자 재료들을 넓게 펴주고, 피자치즈를 골고루 뿌려준다. 
8. 에어 프라이어 온도와 시간을 180도에 7분 정도 돌려준다. 
   (에어 프라이어에 따라 온도와 시간 차이가 생길 수 있다.) 
9. 치즈 위에 색이 나기 시작하면 접시에 옮겨 담아 완성한다. 
10. 기호에 따라 케첩과 함께 곁들여 먹는다.",https://www.youtube.com/watch?v=QFTBQF5l0Ro&list=PLoABXt5mipg6mIdGKBuJlv5tmQFAQ3OYr&index=119
닭고기 덮밥,1인분,닭다리살@100g$달걀@1개$양파@약1/3개(80g)$대파@1/3컵(20g)$물@1/3컵(60g)$진간장@3큰술(30g)$황설탕@1과1/4큰술(15g)$맛술@1큰술(10g)$밥@1공기(200g)$훈연멸치가루@적당량$식용유@적당량$,"1. 닭고기는 사방 2cm 크기로 자른다. 
2. 양파는 반으로 갈라 0.3cm 두께로 채 썰고, 대파는 0.3cm 두께로 어슷 썬다. 
3. 달걀을 젓가락으로 잘 저어 가볍게 풀어 준다. 
4. 진간장, 황설탕, 맛술을 섞어 덮밥소스를 만든다. 
5. 프라이팬에 식용유를 두르고 닭고기의 껍질 부분을 바닥으로 가게 올려 굽는다. 
6. 닭고기의 기름이 나오기 시작하면 양파를 가장자리에 올린 후 눌려준다. 
7. 닭고기가 노릇해지면 양파와 함께 볶아준다. 
8. 닭고기가 하얗게 변하면 덮밥소스, 물을 넣어 끓인다. 
9. 훈연멸치가루를 넣고 뚜껑을 덮어 익힌다. 
10. 닭이 완전히 익으면 달걀물, 대파를 넣고 뚜껑을 덮어 익힌다. 
11. 완성 그릇에 밥을 담은 후 덮밥 재료를 얹어 완성한다.",https://www.youtube.com/watch?v=du9q1BldDHU&list=PLoABXt5mipg6mIdGKBuJlv5tmQFAQ3OYr&index=120
열무된장볶음덮밥,약 2인분,열무@300g$식용유@1/2컵(80g)$대파@약4/5대 (84g)$양파@약1/2개(114g)$간 마늘@약2큰술(42g)$간 돼지고기@약1컵(140g)$황설탕@5/6큰술(10g)$진간장@약1과1/2큰술(14g)$재래식 된장@약2와1/2큰술(48g)$고추장@약3/4큰술(16g)$홍고추@약1과1/2개(14g)$청양고추@약2개(22g)$굵은 고춧가루@1큰술(6g)$고운 고춧가루@1/3큰술(2g)$참기름@2큰술(14g)$간 깨@2/3큰술(4g)$밥@2공기(400g)$,"1. 열무는 깨끗히 세척하여 2cm 정도 길이로 썰어준다. 
2. 양파는 사방 0.7cm로 네모지게 썰어주고, 대파, 청양고추, 홍고추는 잘게 송송 썰어준다.  
3. 팬에 식용유를 두르고 대파를 넣고 볶아 파 기름을 낸다. 
4. 파기름 향이 올라오기 시작하면 간 돼지고기를 넣고 뭉치지 않게 풀어가며 볶는다. 
5. 돼지고기가 익으면 양파를 넣어 노릇해질 때까지 볶은 후 간 마늘, 황설탕을 넣어 눌리듯 볶아준다. 
6. 재료가 골고루 볶아지면, 진간장을 넣어 튀기듯이 볶아준다. 
7. 재래식 된장, 고추장을 잘 풀어가며 기름에 튀기듯이 볶아준다. 
8. 된장, 고추장이 풀리면 굵은 고춧가루, 고운 고춧가루를 넣고 볶아준다. 
   (고춧가루를 센 불에 볶으면 탈 수 있으니 주의한다.) 
9. 손질해둔 열무를 넣고 수분이 나올 때까지 볶아준다. 
   (물이 적게 나올 시에는 물을 소량 넣어 볶는다.) 
10. 청양고추, 홍고추를 넣고 볶아준다. 
11. 참기름을 넣고 섞어준 후 불을 끈다. 
12. 완성 접시에 밥을 담고 열무 된장 볶음을 얹어준다. 
   (기호에 맞게 반찬으로 먹거나 삶은 소면에 얹어 먹는다.) 
13. 깨소금을 뿌려 완성한다.",https://www.youtube.com/watch?v=FN02e4DYvpA&list=PLoABXt5mipg6mIdGKBuJlv5tmQFAQ3OYr&index=121
냉동만두 달걀말이,,달걀@6개(왕란 5개)$해물육교자@5개$꽃소금@약간$황설탕@약간$식용유@3큰술(21g)$,"1. 해물육교자는 가위를 이용해 잘게 자른다. 
2. 그릇에 달걀, 소금을 넣고 풀어준다. 
3. 잘 풀어진 달걀을 해물육교자에 부어 섞는다. 
4. 팬에 식용유를 두르고 달군 뒤 약불에서 달걀물을 조금씩 부어가며 말아준다 
5. 달걀말이가 완전히 익으면 알맞은 크기로 썰어 완성한다.",https://www.youtube.com/watch?v=1smKGJS_9p0&list=PLoABXt5mipg6mIdGKBuJlv5tmQFAQ3OYr&index=122
기본 달걀말이,,달걀@6개(왕란 5개)$당근@1/5컵(20g)$대파@1/2컵(30g)$꽃소금@1/6큰술(2g)$황설탕@약간$식용유@3큰술(21g)$,"1. 대파와 당근은 작은 크기로 다지듯이 잘게 썬다. 
2. 그릇에 달걀을 깨뜨려 담고 소금과 설탕을 넣는다. 
3. 젓가락으로 저어 달걀을 푼다. 
4. 달걀에 채소를 넣고 섞는다. 
5. 팬에 식용유를 두르고 달군 뒤 약불에서 달걀물을 반쯤 붓는다. 
6. 달걀의 가장자리가 익고 윗면이 마르기 시작하면 말아준다. 
7. 달걀말이를 다시 뒤집어 팬 앞쪽으로 밀고 달걀물을 다시 부어 말아준다. 
8. 달걀물을 다 사용할 때 까지 반복한다. 
9. 달걀말이의 모양을 잡아가며 완전히 익힌다. 
10. 완성 된 달걀말이는 알맞은 크기로 썰어 완성한다.",https://www.youtube.com/watch?v=T7YJviWhquo&list=PLoABXt5mipg6mIdGKBuJlv5tmQFAQ3OYr&index=123
감바스 알 아히요,,칵테일새우 大 사이즈(26/30)@10마리(100g)$통마늘@15개(75g)$양송이버섯@4개(80g)$방울토마토@6개(60g)$베트남 고추@5개(2g)$올리브유@1컵(180ml)$맛소금@약 1/5큰술(3g)$후춧가루@약간$파슬리가루@약간$바게트 or 식빵@적당량$,"1. 바게트와 식빵을 먹기 좋은 크기로 자르고, 팬에 노릇하게 구워 준비한다. 
2. 새우는 세척하고, 통마늘은 으깨주고, 양송이버섯은 4등분으로 썰어준다. 
3. 방울토마토는 꼭지를 떼고 세척하여 2등분으로 썰어준다. 
4. 팬에 올리브유를 넣어주고 으깬 통마늘, 부순 베트남 고추, 맛소금을 넣고 중약 불로 마늘 오일을 뽑아주며 노릇하게 색을 내준다. 
5. 새우, 양송이버섯, 방울토마토를 넣고 새우가 익을 때까지 끓여준다. 
6. 세팅 그릇에 담아 준 후, 후춧가루, 파슬리가루를 뿌려 완성해준다. 
7. 바게트 or 식빵을 구워 함께 곁들어 먹는다.",https://www.youtube.com/watch?v=jBdQ65yHB_U&list=PLoABXt5mipg6mIdGKBuJlv5tmQFAQ3OYr&index=124
두부샐러드,,"*튀긴 두부 버전
두부반모@1/2팩(90g)$올리브오일@3큰술(21g)$장아찌소스@3큰술(30g)$양상추@1/5개(100g)$치커리@3줄(15g)$어린잎채소@적당량$방울토마토@4개(40g)$블랙올리브@3개(10g)$후춧가루@적당량$감자전분@적당량$식용유@적당량$
*으깬 두부 버전
두부반모@1/2팩(90g)$올리브오일@3큰술(21g)$장아찌소스@3큰술(30g)$양상추@1/5개(100g)$치커리@3줄(15g)$어린잎채소@적당량$방울토마토@4개(40g)$블랙올리브@3개(10g)$후춧가루@적당량$","*튀긴 두부 버전 
1. 두부는 물기를 제거하고 정사각형으로 썰어 준비한다. 
2. 양상추, 치커리는 먹기 좋은 크기로 뜯어 그릇에 담는다. 
3. 방울토마토, 올리브는 반으로 잘라 준비한다. 
4. 두부에 감자 전분을 입혀 자작한 기름에 튀겨낸다. 
5. 올리브오일과 장아찌 소스를 섞어 드레싱을 만든다. 
   (기호에 맞게 장아찌 소스의 양을 조절한다.) 
6. 완성 그릇에 준비한 재료를 담은 후 드레싱을 뿌려 완성한다. 
*으깬 두부 버전 
1. 양상추, 치커리는 먹기 좋은 크기로 뜯어 그릇에 담아준다. 
2. 방울토마토, 올리브는 반으로 자른다. 
3. 두부는 물기를 제거하고 손으로 으깨 채소 위에 올려준다. 
4. 후춧가루를 뿌려준다. 
5. 올리브오일과 장아찌 소스를 섞어 드레싱을 만들어 준다. 
   (기호에 맞게 장아찌 소스의 양을 조절한다.) 
6. 샐러드에 소스를 뿌려 완성한다.",https://www.youtube.com/watch?v=9OYciHKmgus&list=PLoABXt5mipg6mIdGKBuJlv5tmQFAQ3OYr&index=125
스팸마요김치덮밥,,달걀@2개$통조림 햄@약 1/3캔(66g)$신 김치@1/2컵(65g)$식용유@3큰술(21g)$밥@1공기(200g)$황설탕@1/3큰술(4g)$진간장@약 1/3큰술(3g)$쪽파@약간$마요네즈@적당량$,"1. 스팸을 큐브로 썰어주고, 김치는 가위를 이용해 적당히 잘라 준비한다. 
2. 달걀은 볼에 풀어 준비해 주고, 쪽파는 송송 썰어준다. 
3. 밥을 미리 덮밥 그릇에 담아 놓는다. 
4. 팬에 식용유를 두르고 스크램블을 만들어 밥 가장자리에 둘러서 올려준다. 
5. 팬에 식용유를 조금만 두르고 스팸을 볶아 스크램블 안에 올려준다. 
6. 팬에 남아있는 기름에 김치를 설탕, 진간장을 살짝 넣어 볶아 스팸 위에 올려준다. 
7. 마요네즈를 뿌려주고, 쪽파를 올려 완성한다.",https://www.youtube.com/watch?v=kj2ZupQ7fts&list=PLoABXt5mipg6mIdGKBuJlv5tmQFAQ3OYr&index=126
짜장 덮밥,,달걀@2개$대파@1/4대(20g)$만능짜장소스@2큰술(40g)$식용유@2큰술(15g)$물@3큰술(30g)$밥@1공기(200g)$,"1. 대파는 송송 썰어 준비한다. 
2. 팬에 식용유를 두르고 대파를 볶아준다. 
3. 달걀을 팬에 넣어 한쪽에서 스크램블 하듯 볶아준다. 
4. 스크램블이 되면 대파와 함께 섞고 짜장 소스를 넣어 볶아준다. 
5. 짜장 소스가 어우러지도록 물을 살짝 넣어 볶아준다. 
   (기호에 따라 짜장 소스를 이용해 간을 맞춰준다.) 
6. 덮밥 접시에 밥을 담고 짜장 소스를 얹어 완성해준다.",https://www.youtube.com/watch?v=_O4tvQtZDiU&list=PLoABXt5mipg6mIdGKBuJlv5tmQFAQ3OYr&index=129
고구마생채 비빔밥,,"* 고구마생채 비빔밥
고구마@1개(350g)$대파@1/2컵(40g)$멸치액젓@2큰술(20g)$간마늘@1과1/2큰술(20g)$고운고춧가루@2큰술(10g)$굵은고춧가루@2큰술(10g)$설탕@3큰술(30g)$식초@1/3컵(50g)$꽃소금@1g$깨소금@1큰술(10g)$참기름@2큰술(15g)$밥@1공기(200g)$
* 물고추장
고추장@3큰술(60g)$물@1과1/2큰술(15g)$","1. 고구마는 가늘게 채 썰어 찬물에 담가 전분기를 제거한다. 
2. 대파는 잘게 썰어 준비한다. 
3. 고구마의 물기를 제거하고 대파, 간 마늘을 넣어 섞어준다. 
4. 설탕, 고춧가루를 넣고 버무려 색을 맞춘다. 
5. 멸치액젓, 간 마늘, 꽃소금을 넣어 간을 맞춰준다. 
6. 식초, 참기름을 넣어 섞어준 후 깨소금을 뿌려준다. 
7. 완성 그릇에 밥을 담고 고구마 생채를 올린다. 
8. 고추장에 물을 섞어 물고추장을 만들어 비빔밥에 곁들인다.",https://www.youtube.com/watch?v=-bewV9LQ_JU&list=PLoABXt5mipg6mIdGKBuJlv5tmQFAQ3OYr&index=130
김라면,,김@5장$물@1컵(180g)$진간장@2큰술(20g)$황설탕@2큰술(20g)$진라면(순한맛)@1개$깨소금@1큰술(10g)$들기름@3큰술(20g)$대파@1/3컵(30g)$청양고추@2개(14g)$,"1. 김은 마른 팬에 구워 잘게 부숴준다. 
2. 대파, 청양고추는 잘게 썰어 준비한다. 
3. 깨는 절구를 이용하여 잘게 부숴준다. 
4. 냄비에 물, 분말스프, 건더기스프, 진간장, 설탕을 넣어 끓인다. 
5. 끓인 소스를 식혀둔다. 
6. 면을 삶아 찬물에 헹궈 물기를 제거한다. 
7. 그릇에 들기름을 붓고 면을 넣는다. 
8. 부숴 둔 김, 깻가루를 올려준다. 
9. 식혀 둔 소스를 기호에 맞게 뿌린다. 
10. 청양고추, 대파를 곁들여 완성한다.",https://www.youtube.com/watch?v=NvoCWyO0Vfg&list=PLoABXt5mipg6mIdGKBuJlv5tmQFAQ3OYr&index=133
깍두기볶음밥,,밥@1공기(200g)$우목심@1/2컵(50g)$대파@1/2컵(40g)$깍두기@1컵(100g)$김치국물@1/5컵(50g)$고추장@2/3큰술(10g)$물@2/3컵(120g)$참기름@1/3큰술(2g)$진간장@1큰술(10g)$황설탕@1/3큰술(3g)$식용유@3큰술(20g)$식용유(달걀용)@적당량$달걀@1개$맛소금@적당량$깨소금@적당량$,"1. 깍두기는 잘게 다지고 대파는 송송 썰어 준비한다. 
2. 프라이팬에 식용유, 고기, 대파를 넣어 볶아준다. 
3. 대파와 고기가 노릇해지면 깍두기, 김치국물, 고추장, 설탕, 물, 진간장을 넣어 졸여준다. 
4. 수분이 날아가면 밥을 넣고 국자를 이용하여 섞어준다. 
5. 밥과 양념장이 골고루 섞이면 센 불에 올려 볶아준다. 
6. 기호에 맞게 미원을 넣어준다. 
7. 달걀은 튀기듯이 프라이하여 준비한다. 
8. 완성그릇에 볶음밥을 담고 달걀을 얹는다. 
9. 깨소금을 뿌려 마무리한다.",https://www.youtube.com/watch?v=XKohdaL45K8&list=PLoABXt5mipg6mIdGKBuJlv5tmQFAQ3OYr&index=137
새둥지전,,감자@2개(400g)$소시지@1/4컵(40g)$달걀@3개$식용유@1/3컵(40g)$꽃소금@2/5큰술(4g)$후춧가루@적당량$파슬리가루@적당량$케첩@적당량$,"1. 감자는 껍질을 벗겨 얇게 채 썰어 준비한다. 
2. 소시지도 감자에 맞춰 채 썰어 준비한다. 
3. 볼에 감자채와 꽃소금을 넣고 주물러 준 후, 소시지를 넣고 섞어준다. 
4. 팬에 식용유 두르고 감자와 소시지를 볶아준다. 
5. 감자가 익을 때쯤 불을 약불로 맞추고 달걀 개수만큼 감자 사이 빈 공간을 만들어 준다. 
6. 빈 공간에 식용유를 살짝 두르고 달걀을 깨준 후, 달걀에 맛소금을 기호에 맞게 살짝 뿌려준다. 
7. 팬 가장자리에 식용유를 한 번 더 살짝 둘러주고, 뚜껑을 덮어 계란을 천천히 익혀준다. 
8. 달걀 겉면이 익었을 때 뚜껑을 열고 식용유를 살짝 두르고 중불로 맞춰 밑면이 바삭하게 충분히 구워준다. 
9. 밑면에 색이 노릇하게 나면 접시에 담아 파슬리가루와 후춧가루를 뿌려 완성한다. 
10. 기호에 맞게 케첩과 함께 먹는다.",https://www.youtube.com/watch?v=4WEhZLQ37Fk&list=PLoABXt5mipg6mIdGKBuJlv5tmQFAQ3OYr&index=138
깍두기,,"* 무절임
무@4.5kg$꽃소금@2/3컵(90g)$설탕@2/3컵(90g)$
* 밀가루풀
밀가루@3큰술(30g)$물@2컵(360g)$
* 깍두기양념
대파@2컵(160g)$멸치액젓@1/2컵(100g)$꽃소금@1/4컵(30g)$새우젓@2/3컵(140g)$간마늘@1컵(150g)$간생강@1/4컵(30g)$설탕@1컵(140g)$고운고춧가루@1과1/2컵(120g)$굵은고춧가루@1과1/2컵(120g)$","* 무절이기 
1. 무는 세척하여 사방 3cm 정도 정육면체로 잘라 준비한다. 
2. 큰 볼에 자른 무를 넣고 절임용 꽃소금, 설탕을 넣어 1시간 정도 절인다. 
   (중간에 한 번씩 섞어준다.) 
* 밀가루 풀 만들기 
1. 냄비에 밀가루, 물을 넣어 끓인다. 
* 깍두기 만들기 
1. 끓인 밀가루 풀에 굵은 고춧가루를 넣어 불려준다. 
2. 대파는 송송 썰어 준비한다. 
3. 고운 고춧가루, 밀가루 풀을 제외한 양념장 재료를 볼에 담에 섞어준다. 
4. 고춧가루를 섞어 둔 밀가루 풀을 양념장과 섞어준다. 
5. 절인 무는 체에 밭쳐 헹군 후 물기를 제거한다. 
6. 양념장에 들어가는 모든 재료를 한데 섞은 후 무에 넣어 버무려준다. 
7. 고운 고춧가루를 넣어 버무려준다. 
8. 밀폐 통에 담아 보관한다.",https://www.youtube.com/watch?v=sRQxVQ5-NNA&list=PLoABXt5mipg6mIdGKBuJlv5tmQFAQ3OYr&index=141
소시지케첩볶음,,"* 소스
진간장@2큰술(20g)$황설탕@2큰술(20g)$케찹@4큰술(60g)$식초@1큰술(10g)$간생강@1/3큰술(5g)$
* 볶음
비엔나소시지@250g$식용유@3큰술(20g)$마늘@10개(40g)$양파@1/2개(80g)$양송이@2개(50g)$파프리카@1/4개(80g)$당근@1/5개(20g)$후춧가루@적당량$깨소금@적당량$","1. 양파, 파프리카는 한입 크기로 잘라 준비한다. 
2. 당근은 반으로 갈라 편 썰고 마늘은 반으로 자른다. 
3. 소시지는 모양을 내어 준비한다. 
4. 진간장, 황설탕, 케첩, 식초, 간 생강을 넣어 소스를 만들어 준다. 
5. 팬에 기름을 두르고 마늘을 넣어 튀기듯이 볶는다. 
6. 마늘이 익기 시작하면 양파, 후춧가루를 넣어 함께 볶는다. 
7. 양파가 투명해지면 소시지를 넣어 칼집이 벌어질 정도까지 볶는다. 
8. 파프리카, 양송이, 당근을 넣어 볶아준다. 
9. 만들어 둔 소스를 넣어 볶아준다. 
10. 완성 그릇에 담은 후 깨소금을 뿌려 완성한다.",https://www.youtube.com/watch?v=iNh_bXmYfgw&list=PLoABXt5mipg6mIdGKBuJlv5tmQFAQ3OYr&index=142
멕시칸 샐러드,,양배추@1/4통(450g)$슬라이스 햄@50g$당근@50g$식초@1큰술(10g)$설탕@1큰술(10g)$마요네즈@5큰술(70g)$꽃소금(절임용)@1큰술(10g)$생크림@2/3컵(120g)$후춧가루@적당량$,"1. 양배추는 얇게 채 썰고 꽃소금을 넣어 30분 정도 절여준다. 
2. 슬라이스 햄과 당근은 얇게 채 썰어 준비한다. 
3. 절인 양배추는 손으로 물기를 짜준다. 
4. 물기를 짠 양배추, 당근, 슬라이스 햄을 한곳에 넣는다. 
5. 식초, 설탕을 넣고 잘 섞일 수 있게 버무려준다. 
6. 마요네즈, 생크림, 후춧가루를 넣고 버무린다. 
7. 접시에 샐러드를 담고 후춧가루를 뿌려 완성한다.",https://www.youtube.com/watch?v=b0VqL4-dSPM&list=PLoABXt5mipg6mIdGKBuJlv5tmQFAQ3OYr&index=144
돼지고기 덮밥 도시락 볶음밥,,돼지고기 덮밥 도시락@1개$식용유@2큰술(15g)$,"1. 팬에 식용유를 두르고 달궈준다. 
2. 달걀과 소스를 제외한 나머지 도시락 재료들을 넣어준다. 
3. 볶음밥은 수분이 날아갈 때까지 볶아준다. 
4. 완성된 볶음밥을 접시에 담고 따로 빼놓은 달걀을 올려 마무리한다. 
5. 소스와 함께 곁들어 먹는다.",https://www.youtube.com/watch?v=sw2YbfPbHk0&list=PLoABXt5mipg6mIdGKBuJlv5tmQFAQ3OYr&index=145
알새우칩 카나페,,알새우칩 과자@1봉지$후레쉬콘 샐러드@적당량$크래미아 마카로니샐러드@적당량$파슬리가루@적당량$,"1. 새우칩을 그릇에 올려둔다. 
2. 샐러드를 잘 섞어 새우칩 위에 올려준다. 
3. 파슬리가루를 뿌려 완성한다.",https://www.youtube.com/watch?v=Xhv99PA2OEI&list=PLoABXt5mipg6mIdGKBuJlv5tmQFAQ3OYr&index=146
라면땅,,라면@1개$초고추장@적당량$설탕@적당량$,"1. 라면은 4등분으로 쪼개어 레인지용 그릇에 담는다. 
2. 전자레인지에 넣고 중간중간 확인해가며 2분 30초 정도 돌린다. 
3. 그릇에 담고 설탕을 뿌려 섞어준다. 
4. 기호에 맞게 초고추장에 찍어 먹는다.",https://www.youtube.com/watch?v=lqCzPHUu-3E&list=PLoABXt5mipg6mIdGKBuJlv5tmQFAQ3OYr&index=147
토마토 달걀 볶음,,토마토@250g$달걀@4개$식용유(스크램블용)@1/4컵(30g)$대파@1/2컵 (40g)$식용유(파 기름용)@1/4컵(30g)$진간장@1큰술(10g)$굴소스@1큰술(10g)$꽃소금@적당량$후춧가루@적당량$참기름@1/2큰술(3g)$,"1. 토마토를 세척하여 꼭지를 제거하고 편으로 썰어준다. 
2. 대파는 송송 썰어 준비하고, 달걀은 잘 풀어 소금을 뿌려 준비한다. 
3. 팬에 식용유를 두르고 스크램블 에그를 만들어 둔다. 
4. 팬에 식용유를 두르고 대파를 넣어 파기름을 낸다. 
5. 대파가 노릇해지면 토마토를 넣어 함께 볶아준다. 
6. 프라이팬 바닥에 진간장, 굴 소스를 넣고 누르듯이 볶아준다. 
7. 기호에 맞춰 꽃소금으로 간을 맞추고, 후춧가루를 뿌려준다. 
8. 만들어 둔 스크램블 에그를 팬에 넣어 함께 볶아준다. 
9. 마지막에 참기름을 넣어 섞어준다. 
10. 완성 그릇에 담아 마무리한다.",https://www.youtube.com/watch?v=pTvMsM2v1tg&list=PLoABXt5mipg6mIdGKBuJlv5tmQFAQ3OYr&index=151
시금치베이컨볶음,,시금치@300g$베이컨@90g$마늘@3개(15g)$식용유@3큰술(20g)$맛소금@적당량$,"1. 시금치는 세척하여 꼭지 부분은 잘게 잘라 준비한다. 
2. 베이컨은 1cm 정도 두께로 자른다. 
3. 마늘은 굵게 다져 준비한다. 
4. 프라이팬에 식용유를 두르고 마늘, 베이컨, 맛소금을 넣어 볶는다. 
5. 마늘이 노릇해지면 시금치를 넣고 볶아 완성한다.",https://www.youtube.com/watch?v=JV5pUbCiy1s&list=PLoABXt5mipg6mIdGKBuJlv5tmQFAQ3OYr&index=152
홍합,,"* 홍합탕
홍합@500g$청양고추@3개(20g)$대파@1/2대(60g)$물@3컵(540g)$식초@1/2큰술(5g)$맛소금@적당량$
* 홍합와인탕
홍합@500g$완숙 토마토@2개(300g)$양파@1/4개(50g)$마늘@5알(20g)$식용유@1/3컵(40g)$화이트 와인@4/5컵(150g)$물@4/5컵(150g)$버터@1/3개(25g)$맛소금@적당량$","* 홍합탕 
1. 홍합은 족사를 제거하고 깨끗이 씻어 준비한다.  
2. 대파와 청양고추를 큼직하게 썰어 육수용으로 준비한다. 
3. 깊은 팬에 홍합과 물, 대파, 청양고추를 넣어 끓여준다. 
4. 홍합이 입을 열면 간을 보고 부족한 간은 맛소금으로 맞춰준다. 
5. 마무리될 때 식초를 살짝 넣어 준다. 
6. 홍합탕이 완성되면 육수용 야채를 걷어내고 그릇에 담아준다. 
* 홍합와인탕 
1. 홍합은 족사를 제거하고 깨끗이 씻어 준비한다. 
2. 양파는 다져주고 마늘은 으깨서 준비해 준다. 
3. 완숙 토마토는 꼭지를 제거하고 반 갈라 씨를 제거하고 썰어준다. 
4. 깊은 팬에 식용유를 두르고 다진 양파와 으깬 마늘을 넣고 색이 날 때까지 볶아준다. 
5. 양파와 마늘이 노릇하게 색이 나면 토마토를 넣고 볶아준다. 
6. 토마토를 살짝 볶아주다가 손질한 홍합을 넣어준다. 
7. 화이트 와인과 물을 넣고 끓여준다.  
8. 홍합이 입을 열면 간을 보고 부족한 간은 맛소금으로 맞춰준다. 
9. 마무리될 때 버터를 넣어 준다. 
10. 홍합와인탕이 완성되면 그릇에 담아준다.",https://www.youtube.com/watch?v=8l9H8FlhiOo&list=PLoABXt5mipg6mIdGKBuJlv5tmQFAQ3OYr&index=153
부추전,,"* 부추전
부추@200g$당근@1/6개(50g)$청양고추@4개(24g)$부침가루@1과1/2컵(150g)$물@1과1/2컵(250g)$멸치액젓@1큰술(10g)$건새우@1/2컵(20g)$식용유@3큰술(20g)$간마늘@1큰술(15g)$
* 초간장
진간장@1큰술(10g)$식초@1큰술(10g)$황설탕@1/2큰술(5g)$","1. 건새우는 반죽용 물에 불려 준비한다. 
2. 부추는 5cm 정도 길이로 잘라둔다. 
3. 청양고추는 잘게 다지고 당근은 채 썬다. 
4. 볼에 당근, 부추, 청양고추, 당근, 간마늘, 부침가루, 불린 건새우, 물, 멸치액젓을 넣어 반죽한다. 
5. 프라이팬에 식용유를 두르고 약한 불에서 반죽을 얇게 펼친다. 
6. 반죽이 넓게 펼쳐지면 중불로 키워 노릇하게 구워준다. 
7. 진간장, 식초, 설탕을 넣어 초간장을 곁들여 먹는다.",https://www.youtube.com/watch?v=wfm951HEpGU&list=PLoABXt5mipg6mIdGKBuJlv5tmQFAQ3OYr&index=154
바지락 라면,,바지락@100g$라면@1봉지$달걀@1개$대파@1/4컵(20g)$건미역@1큰술(1g)$청양고추@2개(14g)$물@3과1/3컵(600g)$멸치액젓@1/2큰술(5g)$굵은고춧가루@1/3큰술(2g)$된장@1/3큰술(5g)$,"1. 바지락은 해감하여 깨끗하게 세척한다. 
2. 냄비에 물, 라면 스프, 된장, 건미역, 바지락을 넣어 끓인다. 
3. 청양고추, 대파는 어슷 썰어 준비한다. 
4. 물이 끓으면 라면, 고춧가루, 멸치 액젓을 넣어 끓인다. 
5. 면이 반 정도 익으면 달걀을 잘 풀어 넣고 청양고추를 넣는다. 
6. 면이 알맞게 익으면 대파를 넣어 완성한다.",https://www.youtube.com/watch?v=bLprteo75gY&list=PLoABXt5mipg6mIdGKBuJlv5tmQFAQ3OYr&index=155
시금치 고기덮밥,,시금치@150g$간돼지고기@1과2/3컵(250g)$식용유@1/2컵(70g)$청양고추@4개(30g)$홍고추@1개(15g)$마늘@4알(25g)$설탕@1과1/2큰술(15g)$굴 소스@1큰술 (10g)$멸치 액젓@1큰술(10g)$진간장@1/2큰술(5g)$노두유@1큰술(10g)$달걀@1개$밥@1공기(200g)$,"1. 마늘, 청양고추, 홍고추는 잘게 다져준다. 
2. 시금치는 세척 후 뿌리 쪽은 잘게 자르고 이파리 부분은 먹기 좋은 크기로 준비한다. 
3. 팬에 기름을 두르고 마늘, 청양고추, 홍고추를 넣어 볶는다. 
4. 다진 돼지고기를 넣어 뭉치지 않게 풀어주며 볶는다.  
5. 돼지고기가 익으면 설탕, 간장을 넣어 눌어주듯 볶는다. 
6. 굴 소스, 노두유, 멸치 액젓을 넣어 섞는다. 
7. 양념장이 골고루 섞이면 시금치를 넣고 숨이 살짝 죽을 정도까지 볶아준다. 
   (소스가 필요하면 물을 넣어 볶아준다.) 
8. 프라이팬에 기름을 자작하게 두르고 달걀 프라이를 한다. 
9. 완성 그릇에 밥을 담고 시금치 볶음을 올려준다. 
10. 달걀 프라이를 곁들여 마무리한다.",https://www.youtube.com/watch?v=XU5Jv4e7DKw&list=PLoABXt5mipg6mIdGKBuJlv5tmQFAQ3OYr&index=156
김치볶음밥,,김치@1컵(160g)$소시지@2개(65g)$대파@1/2컵(40g)$식용유@3큰술(20g)$진간장@1/2큰술(5g)$고운고춧가루@1/3큰술(3g)$설탕@1/3큰술(3g)$즉석밥@1개$달걀@1개$김가루@적당량$깨소금@적당량$,"1. 대파는 반으로 갈라 송송 썰고 소시지는 얇게 썰어 준비한다. 
2. 김치는 가위를 이용하여 잘게 썰어 준비한다. 
3. 팬에 식용유를 두르고 대파, 소시지를 넣어 노릇하게 볶는다. 
4. 소시지가 노릇해지면 설탕을 넣어 눌어붙도록 볶아준다. 
5. 설탕 향이 올라오면 간장을 넣어 볶는다. 
6. 수분이 사라지면 김치를 넣고 약불에서 볶아준다. 
   (양념장이 뭉쳐있을 경우 물을 넣어 볶아준다.) 
7. 양념이 골고루 섞이면 즉석밥을 넣고 국자를 이용하여 풀어준다. 
8. 밥알이 다 풀어지면 불에 올려 볶아준다. 
9. 프라이팬에 식용유를 두르고 달걀프라이를 한다. 
10. 완성 접시에 김치볶음밥, 달걀프라이를 올리고 깨소금과 김 가루를 곁들인다.",https://www.youtube.com/watch?v=eIo2BaE6LxI&list=PLoABXt5mipg6mIdGKBuJlv5tmQFAQ3OYr&index=157
소고기미역국,,소고기(양지)@1/2컵(100g)$자른미역@1/3컵(10g)$참기름@2큰술(14g)$국간장@3큰술(30g)$물@약7컵(1.3L)$다진마늘@2/3큰술(10g)$멸치액젓@1과1/2큰술(15g)$,"1. 미역은 물에 불려 준비한다.  
2. 냄비에 참기름을 두르고 소고기를 넣어 중약불에서 볶아준다. 
3. 소고기가 익으면 불린 미역을 넣어 함께 볶아준다. 
4. 볶아진 미역에 국간장을 넣어 볶고 물을 넣어 끓여준다. 
5. 물이 끓으면 다진 마늘을 넣어 끓여준다. 
6. 마지막에 액젓을 이용하여 간을 맞춰 완성한다.",https://www.youtube.com/watch?v=xsTFsunt6-8&list=PLoABXt5mipg6mIdGKBuJlv5tmQFAQ3OYr&index=159
돼지고기 김치찜,,돼지고기전지@1kg$신김치@1.3kg$양파@1/2개(100g)$대파@1컵(80g)$청양고추@3개(20g)$황설탕@3큰술(30g)$국간장@2큰술(20g)$된장@1큰술(15g)$간마늘@1큰술(15g)$굵은고춧가루@2큰술(10g)$물@6컵(1.2L)$,"1. 설탕, 국간장, 된장, 간 마늘, 고춧가루를 섞어 양념장을 만든다. 
2. 양파는 굵게 채 썰고 대파는 송송 썬다. 
3. 청양고추는 두껍게 썰고 고기는 주먹 크기로 자른다. 
4. 냄비에 김치를 깔고 고기를 올린 후 다시 김치로 덮어준다. 
5. 그 위에 양파, 청양고추, 대파를 넣는다. 
6. 물과 양념장을 잘 섞어 부어준다. 
7. 센 불로 켜고 끓으면 중약불로 줄여 뚜껑 덮고 졸인다. 
8. 김치와 고기가 물러지면 간을 본 후 기호에 맞게 식초를 넣는다. 
9. 식초를 골고루 섞어 준 후 완성한다.",https://www.youtube.com/watch?v=RVfSeUZ8XkY&list=PLoABXt5mipg6mIdGKBuJlv5tmQFAQ3OYr&index=160
바지락 볶음,,"* 기본 버전
바지락@500g$사천고추@적당량$대파@1/2컵(40g)$마늘@4개(30g)$식용유@1/3컵(40g)$
* 막걸리 응용 버전
바지락@500g$막걸리@1컵(180g)$사천고추@적당량$식용유@1/3컵(40g)$마늘@4개(30g)$버터@2큰술(20g)$꽃소금@적당량$대파@적당량$
* 청하 응용 버전
바지락@500g$청주@1컵(180g)$사천고추@적당량$식용유@1/3컵(40g)$마늘@4개(30g)$
* 양념소스
황설탕@1/3큰술(3g)$식초@2큰술(20g)$진간장@적당량$","* 기본 버전 
1. 바지락은 소금물에 해감하여 준비한다. 
2. 마늘은 꼭지를 제거한 후 굵게 다지고 대파는 송송 썰어 준비한다. 
3. 깊은 팬에 식용유를 두르고 마늘, 사천고추를 넣어 볶는다. 
4. 마늘이 노릇하게 익으면 바지락을 넣고 뚜껑을 덮어 익힌다. 
5. 바지락이 입을 열면 뚜껑을 열고 대파를 넣어 완성한다. 
* 막걸리 응용 버전 
1. 바지락은 소금물에 해감하여 준비한다. 
2. 마늘은 꼭지를 제거한 후 굵게 다지고 대파는 송송 썰어 준비한다. 
3. 깊은 팬에 식용유를 두르고 마늘, 사천고추를 넣어 볶는다. 
4. 마늘이 노릇하게 익으면 바지락, 막걸리를 넣고 뚜껑을 덮어 익힌다. 
5. 바지락이 입을 열기 시작하면 버터를 넣고 뚜껑을 덮어 익힌다. 
6. 바지락이 익으면 간을 보고 기호에 맞게 소금을 넣어 간한다. 
7. 대파를 송송 썰어 넣고 완성한다. 
* 청하 응용 버전 
1. 바지락은 소금물에 해감하여 준비한다. 
2. 마늘은 꼭지를 제거한 후 굵게 다지고 대파는 송송 썰어 준비한다. 
3. 깊은 팬에 식용유를 두르고 마늘, 사천고추를 넣어 볶는다. 
4. 마늘이 노릇하게 익으면 바지락, 청하를 넣고 뚜껑을 덮어 익힌다. 
5. 바지락이 입을 열면 불을 끄고 완성한다.",https://www.youtube.com/watch?v=4TnaTTg1R_Q&list=PLoABXt5mipg6mIdGKBuJlv5tmQFAQ3OYr&index=161
닭똥집 볶음,,닭근위@1컵(180g)$마늘@2/3컵(60g)$식용유@1컵(120g)$맛소금@적당량$후추@적당량$참기름@1/2큰술(3g)$,"1. 닭 근위을 흐르는 물에 세척한 후, 결 반대 방향으로 반 잘라준다. 
2. 마늘을 편으로 썰어 준비해둔다.  
3. 프라이팬에 식용유를 두르고 닭 근위를 튀기듯이 볶아준다.  
4. 닭 근위가 50% 정도 익었을 때 마늘을 함께 넣고 노릇하게 볶아준다. 
5. 체에 밭쳐 기름을 제거한다. 
6. 볶아진 닭 근위에 맛소금, 후추, 참기름을 넣고 불을 끈 후 잔 열을 이용하여 볶아준다.",https://www.youtube.com/watch?v=IasQ3XURCTI&list=PLoABXt5mipg6mIdGKBuJlv5tmQFAQ3OYr&index=162
진미채 볶음,,오징어채@200g$고추장@1/3컵(66g)$고운고춧가루@1/4컵(18g)$참기름@3큰술(24g)$물엿@1/3컵(60g)$황설탕@1/4컵(28g)$물@1/6컵(35g)$마요네즈@1/3컵(50g)$통깨@3g$,"1. 프라이팬에 고추장, 고운고춧가루, 물엿, 황설탕, 물을 넣고 잘 저어가며 설탕이 녹을정도 까지 끓인다. 
2. 큰 볼에 오징어채를 넣고 마요네즈를 넣어 골고무 버무려준다. 
3. 끓여둔 양념장을 오징어채에 부어 골고루 무쳐준다.",https://www.youtube.com/watch?v=xecKUiZBCtM&list=PLoABXt5mipg6mIdGKBuJlv5tmQFAQ3OYr&index=163
볶음우동,,"*소스
진간장@2큰술(20g)$식초@2/3큰술(7g)$황설탕@1큰술(10g)$물@1/2컵(90g)$
*볶음재료
식용유@3큰술(20g)$양배추@1/2컵(40g)$양파@1/4개(40g)$당근@20g$돼지고기(등심)@50g$대파@30g$우동면@1개(200g)$훈연멸치가루@적당량$쪽파@적당량$마요네즈@적당량$","1. 양파, 당근은 채 썰고 대파, 쪽파는 송송 썰어 준비한다. 
2. 양배추는 1cm 정도 두께로 먹기 좋게 썬다. 
3. 훈연멸치는 내장을 제거하고 마른 팬에 볶아 믹서에 갈아준다. 
4. 팬에 기름, 대파를 넣고 열이 오르면 고기를 넣어 볶아준다. 
5. 고기가 노릇하게 익으면 양파, 당근, 양배추를 넣어 볶는다. 
6. 진간장, 황설탕, 식초, 물을 섞어 양념장을 만든다. 
7. 채소가 볶아지면 가운데에 면을 넣고 가장자리에 양념장을 둘러 중불에서 끓인다. 
8. 면이 풀어지면 불을 세게 켜고 볶아준다. 
9. 완성그릇에 볶음우동을 담고 마요네즈를 뿌려준다. 
10. 훈연멸치가루, 쪽파를 올려 마무리한다.",https://www.youtube.com/watch?v=zRg4nxIv3j8&list=PLoABXt5mipg6mIdGKBuJlv5tmQFAQ3OYr&index=165
된장찌개,,된장@1/3컵(60g)$물@약4컵(750mL)$간마늘@1/2큰술(8g)$육수용멸치@10마리(20g)$애호박@1/2개(130g)$양파@1/2개(80g)$느타리버섯@1컵(80g)$대파@2/3컵(60g)$청양고추@2개(14g)$홍고추@1/2개(7g)$두부@1/2모(180g)$,"1. 애호박, 양파, 두부는 먹기 좋은 크기로 잘라 준비한다. 
2. 느타리버섯은 찢어서 준비한다. 
3. 청양고추, 홍고추, 대파는 1cm 정도 두께로 썰어 준비한다. 
4. 멸치는 머리, 내장을 제거하고 3등분 정도로 찢어 준비한다. 
5. 냄비에 손질한 멸치, 물, 양파를 넣어 끓인다. 
6. 육수가 끓으면 느타리버섯, 애호박, 간마늘, 된장을 넣는다. 
7. 된장 육수가 끓어오르면 대파, 청양고추, 홍고추를 넣어 끓인다. 
8. 찌개가 끓으면 두부를 넣고 1분 정도 끓여 완성한다.",https://www.youtube.com/watch?v=ffuakdFmuh4&list=PLoABXt5mipg6mIdGKBuJlv5tmQFAQ3OYr&index=167
꿔바로우,,"* 튀김
식용유(튀김용)@1.8L$돈등심@500g$감자전분@2컵(240g)$물@1컵과2큰술(200g)$달걀물@2큰술(20g)$맛소금@적당량$후춧가루@적당량$
* 소스
식용유@2큰술(14g)$간생강@1/2큰술(8g)$진간장@2큰술(20g)$설탕@5큰술(50g)$식초@5큰술(50g)$물@4큰술(40g)$대파@적당량$당근@적당량$레몬@적당량$","1. 돈등심은 0.3cm 두께로 잘라 준비한다. 
2. 대파는 6cm 길이로 심지를 제거하고 가늘게 채 썬다. 
3. 돈등심에 맛소금, 후추를 뿌려 밑간한다. 
4. 감자전분, 달걀물, 물을 섞어 튀김반죽을 만든다. 
5. 기름을 170도 정도로 예열하고 돈등심에 반죽을 입힌다. 
6. 예열된 기름에 넣어 2차 튀김 해준 후 기름을 뺀다. 
7. 프라이팬에 식용유를 두르고 간 생강을 넣어 볶는다. 
8. 향이 올라오면 간장, 물, 설탕을 넣어 끓인다. 
9. 소스가 끓으면 레몬, 당근, 대파를 넣고 소스를 졸인다. 
10. 소스가 살짝 농도 나게 졸여지면 튀긴 고기를 넣고 볶아 완성한다.",https://www.youtube.com/watch?v=3OwIXlvjjyk&list=PLoABXt5mipg6mIdGKBuJlv5tmQFAQ3OYr&index=168
밤죽,,생밤(밤물)@3컵(300g)$생밤@적당량$물@4와1/2컵(800ml)$쌀가루@4큰술(30g)$물(쌀가루용)@1/6컵(30g)$꽃소금@적당량$,"1. 생밤 300g을 물과 함께 넣고 충분히 갈아준다. 
2. 적당량의 생밤을 잘게 썰어 준비한다. 
3. 믹서에 간 밤 물과 잘라놓은 생밤을 냄비에 넣고 저어주며 끓인다. 
4. 쌀가루와 물을 넣고 풀어준 후, 여러 번 나눠 넣어 농도를 맞춘다. 
5. 농도가 잡히면 꽃소금을 넣고 간을 한다.  
6. 썬 밤 알맹이가 익을 때까지 끓여준다. 
7. 완성된 밤죽을 그릇에 담아준다.",https://www.youtube.com/watch?v=hEBT2uGjy6o&list=PLoABXt5mipg6mIdGKBuJlv5tmQFAQ3OYr&index=171
밤 라면,,"* 밤 소스
깐 밤@1/2컵 (50g)$물@1/4컵 (50g)$
* 밤 라면
물@2와1/2컵(450g)$라면@1개$밤소스@1/2컵(80g)$간 돼지고기@1/4컵(40g)$달걀@1개$양파@1/4개(50g)$대파@1/4컵(20g)$식용유@2큰술(14g)$진간장@1큰술(10g)$참기름@1큰술(7g)$","1. 양파는 채 썰고 대파는 송송 썰어 준비한다.  
2. 냄비에 식용유, 양파, 간 돼지고기를 넣어 볶는다.  
3. 고기가 익으면 간장을 넣어 볶아주고 물을 넣어 끓인다.  
4. 믹서에 깐 밤, 물을 넣어 갈아준다.  
5. 라면 물이 끓어오르면 라면스프, 면을 넣고 80% 정도 삶아 면을 건져낸다.  
6. 달걀을 반 정도만 풀어 준비한다.  
7. 라면 육수에 갈아 둔 밤 소스를 넣어 섞어준다.  
8. 밤 소스가 골고루 섞이면 달걀을 넣고 저어준다.  
9. 참기름, 썰어 둔 대파를 1/2 양 정도 넣어 면 위에 부어준다.  
10. 고명용 대파를 올려 마무리한다.",https://www.youtube.com/watch?v=HIz6eyE80V4&list=PLoABXt5mipg6mIdGKBuJlv5tmQFAQ3OYr&index=174
불고기버거,,"* 불고기
소고기목심@2컵(300g)$양파@1/3개(80g)$대파@1/2컵(40g)$황설탕@2큰술(20g)$물엿@1큰술(20g)$맛술@1큰술(10g)$간마늘@1큰술(15g)$진간장@4큰술(40g)$참기름@3큰술(20g)$
* 마요네즈소스
마요네즈@1/2컵(100g)$단무지@2줄(50g)$청양고추@2개(14g)$
* 불고기버거
핫도그빵@1개$불고기@적당량$마요네즈소스@적당량$케첩@적당량$모짜렐라슬라이스치즈@1장$","* 불고기 
1. 양파는 채 썰고 대파는 송송 썰어 준비한다. 
2. 소고기 목심은 사방 4cm 정도로 잘라 준비한다. 
3. 큰 볼에 우목심,양파,대파,황설탕,물엿,맛술,간마늘을 넣어 버무려 준다. 
4. 설탕이 녹으면 간장,참기름을 넣고 버무려준다. 
5. 프라이팬에 양념한 고기를 올리고 수분이 날라가도록 볶는다. 
* 마요네즈소스 
1. 청양고추, 단무지는 잘게 썰어 준비한다. 
2. 그릇에 청양고추, 단무지, 마요네즈를 넣고 골고루 섞어준다. 
* 불고기버거 
1. 빵은 반으로 갈라 찜통에 넣어 2분 정도 찐다. 
2. 빵에 마요네즈소스를 골고루 발라준다. 
   (치즈를 넣을 경우 치즈를 올리고 마요네즈소스를 발라준다.) 
3. 볶아 둔 불고기를 올린다. 
4. 케첩을 뿌려 마무리한다.",https://www.youtube.com/watch?v=zikhPxKgyJI&list=PLoABXt5mipg6mIdGKBuJlv5tmQFAQ3OYr&index=175
당팥죽,,당근@400g$물@1.2L$습식쌀가루@2/3컵(70g)$물(쌀가루)@1/3컵(70g)$꽃소금@적당량$통단팥@적당량$,"1. 당근을 사방 2cm 길이로 자른다. 
2. 냄비에 물, 자른 당근을 넣고 물이 끓어오르면 5분 정도 삶아 식힌다. 
3. 삶은 당근과 당근을 삶은 물과 함께 믹서에 갈아준다.  
4. 당근이 곱게 갈아지면 냄비에 부어 중약불에서 저어가며 끓여준다. 
5. 습식 쌀가루와 물을 섞어둔다.  
6. 농도가 잡히기 시작하면 만들어 둔 쌀가루물을 넣어 농도를 맞춘다. 
7. 농도가 맞춰지면 꽃소금으로 간한다.  
8. 완성 그릇에 당근 죽을 담고 통단팥을 올려 마무리한다.",https://www.youtube.com/watch?v=7ThPQ-Wiw0Q&list=PLoABXt5mipg6mIdGKBuJlv5tmQFAQ3OYr&index=176
가락국수,4인분 기준,"* 훈연멸치육수
물@2.5L$훈연멸치@1컵(40g)$양파@1/4개(50g)$대파@1대(100g)$무@1/8개(80g)$다시마@2장(2g)$
* 가락국수
육수@1.25L$진간장@8큰술(80g)$국간장@4큰술(40g)$맛술@4큰술(40g)$황설탕@1큰술(10g)$꽃소금@적당량$가락국수면@4개$대파@적당량$유부@적당량$매화어묵@적당량$맛살@적당량$쑥갓@적당량$불린미역@적당량$고춧가루@적당량$후추@적당량$","1. 훈연멸치는 내장을 제거하여 준비한다. 
2. 냄비에 훈연멸치, 껍질양파, 대파, 무를 넣어 강불에서 끓인다. 
3. 육수가 끓으면 중불로 줄여 1.25L가 나올 때까지 끓여준다. 
4. 완성된 육수를 체에 걸러준다. 
5. 육수를 냄비에 붓고 진간장, 국간장, 맛술, 황설탕, 꽃소금을 넣어 간을 맞춘다. 
6. 유부는 채 썰고 맛살은 사선으로 자른다. 
7. 매화어묵은 0.5cm 정도 두께로 자르고 고명용 대파는 송송 썬다. 
8. 끓는물에 면, 매화어묵을 넣어 데쳐낸다. 
9. 완성 그릇에 데쳐 낸 면을 담고 훈연멸치육수를 부어준다. 
10. 준비해 둔 고명을 올리고 기호에 맞게 고춧가루, 후춧가루를 뿌려 완성한다.",https://www.youtube.com/watch?v=h7NFHq9QeeU&list=PLoABXt5mipg6mIdGKBuJlv5tmQFAQ3OYr&index=177
만두피 튀김,,만두피@150g$식용유@1L$황설탕@2큰술(20g)$계핏가루@1/2큰술(3g)$,"1. 큰 냄비에 식용유를 넣고 170~180도 정도로 예열한다. 
2. 만두피는 4등분 하여 한 장씩 떼어 넣어준다. 
3. 만두피가 노릇하게 튀겨지면 건져내어 기름을 제거한다. 
4. 황설탕과 계핏가루를 볼에 담은 후 골고루 섞어준다. 
5. 기름기가 제거된 만두피를 계피 설탕에 넣어 골고루 버무려 완성한다.",https://www.youtube.com/watch?v=HSPOnMZNoY4&list=PLoABXt5mipg6mIdGKBuJlv5tmQFAQ3OYr&index=178
떡볶이,,"*떡볶이
쌀떡@4컵(400g)$밀가루떡@4컵(400g)$사각어묵@4장(160g)$양배추@2컵(160g)$대파@3컵(240g)$물@1L$삶은달걀@3개$
*양념장
고추장@1/3컵(80g)$진간장@1/3컵(50g)$고운고춧가루@1/3컵(30g)$굵은고춧가루@1/3컵(20g)$황설탕@1/3컵(70g)$MSG@1/2큰술(5g)$","1. 대파는 어슷 썰거나 반으로 갈라 길게 썰어 준비한다. 
2. 양배추, 어묵은 먹기 좋은 크기로 썰어 준비한다. 
3. 냄비에 물, 진간장, 황설탕, 고추장, 굵은고춧가루, 고운고춧가루, 대파, 양배추를 넣어 끓인다. 
4. 떡볶이떡은 흐르는 물에 가볍게 세척한다. 
5. 육수가 끓으면 삶은달걀, 떡을 넣고 함께 끓여준다. 
6. 기호에 맞게 MSG를 넣는다. 
7. 떡을 넣고 육수가 끓어오르면 어묵을 넣어준다. 
8. 양념장이 걸쭉하게 졸아들 때까지 끓여 완성한다.",https://www.youtube.com/watch?v=t4Es8mwdYlE&list=PLoABXt5mipg6mIdGKBuJlv5tmQFAQ3OYr&index=179
돼지마늘버거,,"*고기튀김
돼지고기(후지)@100g$튀김가루@1컵(110g)$물@2/3컵(120g)$맛소금@적당량$후춧가루@적당량$
*마늘소스
마요네즈@3/4컵(120g)$식초@2큰술(20g)$황설탕@3큰술(30g)$깐마늘@1/4컵(30g)$후춧가루@적당량$
*햄버거 1인분
햄버거빵@1개$고기튀김@2장(60g)$마늘소스@3큰술(45g)$토마토@적당량$양상추@적당량$양파@적당량$","1. 토마토는 0.5cm 정도 두께로 슬라이스 한다. 
2. 양파는 링 모양으로 썰거나 반으로 갈라 채 썰어 준비한다. 
3. 마늘은 잘게 다져 찬물에 담가 매운맛을 제거한다. 
4. 그릇에 마요네즈, 황설탕, 식초, 다진마늘, 후춧가루를 넣어 섞어준다. 
   ( 기호에 따라 간마늘의 양을 조절한다. ) 
5. 고기에 맛소금, 후춧가루를 뿌려 밑간한다. 
6. 큰 볼에 튀김가루, 물을 넣어 섞는다. 
7. 밑간해 둔 고기에 반죽옷을 입혀 170-180도 정도의 기름에 노릇하게 튀겨준다. 
8. 빵을 프라이팬에 올려 약불에 구워준다. 
9. 빵에 소스를 바르고 양상추, 토마토, 소스, 고기튀김, 소스, 고기튀김, 양파 순으로 올린다. 
10. 마무리로 소스는 넉넉하게 뿌려준 후 빵으로 덮어 완성한다.",https://www.youtube.com/watch?v=F3C8-uEMixU&list=PLoABXt5mipg6mIdGKBuJlv5tmQFAQ3OYr&index=180
마늘탕수육,,"*마늘돼지고기튀김
돼지고기등심@500g$튀김가루@1과1/2컵(160g)$식용유@3큰술(20g)$식용유(튀김용)@1.8L$물@2/3컵(120g)$깐마늘@1/2컵(50g)$진간장@1큰술(10g)$후춧가루@1g$맛소금@1g$
*탕수육소스
황설탕@6큰술(60g)$식초@4큰술(40g)$진간장@2큰술(20g)$간생강@1/4큰술(3g)$오이@30g$당근@30g$양파@30g$물@1과1/2컵(270g)$물(전분물용)@2큰술(20g)$전분가루@1큰술(10g)$","*마늘돼지고기튀김 
1. 돈등심은 두께 1cm 정도 스틱 모양으로 썰어 준비한다. 
2. 마늘은 꼭지를 제거하고 굵게 다져 준비한다. 
3. 돈등심에 다진마늘, 맛소금, 진간장, 후춧가루를 넣어 밑간한다. 
4. 양념이 골고루 배이면 튀김가루, 물, 식용유를 넣어 반죽한다. 
5. 튀김용으로 사용할 기름을 예열한다. 
6. 기름이 예열되면 반죽해둔 고기를 하나씩 뜯어 넣어준다. 
7. 탕수육은 3~5분 정도 노릇하게 1차튀김 해준다. 
8. 튀겨진 탕수육을 건져내어 기름을 빼준다. 
9. 기름의 온도를 올려 기름을 뺀 고기를 넣고 30초~1분 정도 더 튀겨 완성한다. 
*탕수육소스 
1. 오이, 양파, 당근은 먹기 좋은 크기로 얇게 썰어 준비한다. 
2. 프라이팬에 썰어 둔 채소, 황설탕, 식초, 진간장, 물을 넣고 끓인다. 
3. 기호에 맞게 간생강을 추가하여 끓여준다. 
4. 전분가루와 물을 섞어 전분물을 만든다. 
5. 소스가 끓으면 전분물을 넣어 농도를 맞춰 완성한다.",https://www.youtube.com/watch?v=WneiVYnZgHo&list=PLoABXt5mipg6mIdGKBuJlv5tmQFAQ3OYr&index=181
돼지고기짬뽕라면,,돼지고기(후지)@1컵(150g)$대파@2/3컵(50g)$양파@1/2컵(40g)$양배추@1/2컵(40g)$당근@1/3컵(20g)$애호박@1/2컵(60g)$라면@1개$달걀@1개(50g)$고운고춧가루@1큰술(5g)$굵은고춧가루@1큰술(5g)$소고기다시다@1/2큰술(5g)$꽃소금@1/5큰술(2g)$진간장@1큰술(10g)$식용유@2큰술(15g)$물@600ml$후춧가루@적당량$,"1. 대파는 반으로 갈라 송송 썰거나 길게 썰어 준비한다. 
2. 돼지고기는 넓적하게 썰어 준비한다. 
3. 양배추, 양파는 큼직하게 썰어준다. 
4. 애호박은 반달 모영으로 편 썰어 주고 당근은 채 썬다. 
5. 프라이팬에 식용유를 두르고 고기, 대파를 넣어 볶는다. 
6. 대파와 고기가 노릇해지면 양파,  애호박, 양배추, 당근을 넣어 볶는다. 
7. 볶아진 채소를 한쪽으로 몰아둔 후 간장을 넣어 눌어붙도록 한다. 
8. 채소 위에 고춧가루를 부어주고 살짝 섞어준 후 물을 붓는다. 
9. 라면수프, 소고기다시다, 꽃소금을 넣어 끓인다. 
10. 육수가 끓으면 면, 달걀을 넣어 익혀준다. 
11. 완성 그릇에 옮겨 담아 후춧가루를 뿌려 완성한다.",https://www.youtube.com/watch?v=2sUjx8PE_vg&list=PLoABXt5mipg6mIdGKBuJlv5tmQFAQ3OYr&index=182
갈비,,LA갈비@1kg$진간장@1컵(200g)$황설탕@1/2컵(80g)$맛술@1/2컵(100g)$간마늘@1/4컵(40g)$간생강@1/2큰술(8g)$대파@1컵(80g)$참기름@2큰술(15g)$정수물@3컵(540g)$후춧가루@적당량$,"1. 갈비는 흐르는 물에 세척하여 뼛가루를 제거하고 물기를 빼준다. 
2. 대파는 반으로 갈라 송송 썰어 준비한다. 
3. 큰 볼에 진간장, 황설탕, 맛술, 간마늘, 간생강, 대파, 정수물을 넣어 양념장을 만든다. 
4. 양념장의 설탕이 다 녹으면 참기름을 넣어 섞어준다. (기호에 맞게 MSG를 넣는다) 
5. 밀폐 통에 갈비를 한 장씩 깔아주고 양념장을 부어준다. 
6. 프라이팬에 재워 둔 갈비를 올리고 양념장, 물을 부어 졸이듯이 구워준다.",https://www.youtube.com/watch?v=37-BCf85bHk&list=PLoABXt5mipg6mIdGKBuJlv5tmQFAQ3OYr&index=184
떡갈비버거,,"*떡갈비 패티
양지다짐육@1과1/2컵(250g)$목심다짐육@1과1/2컵(250g)$진간장@4큰술(40g)$황설탕@5큰술(50g)$감자전분@2큰술(20g)$간마늘@2큰술(30g)$후추@1/2큰술(2g)$참기름@3큰술(30g)$식용유@적당량$
*버거 1인분
햄버거빵@1개$상추@3장$양파@1/6개(30g)$체다슬라이스치즈@1장$떡갈비패티@3개(150g)$스틱버터@1/8개(10g)$케첩@적당량$마요네즈@적당량$","1. 큰 볼에 고기, 진간장, 황설탕, 감자전분, 간마늘, 후추를 넣어 치대어 준다. 
2. 골고루 섞이면 참기름을 넣고 섞어준다. 
3. 탁구공 크기로 고기 반죽을 성형하여 넓적하게 눌러준다. 
3. 햄버거 빵을 반으로 갈라 프라이팬에 버터를 두르고 약불에서 노릇하게 구워준다. 
4. 양파는 가늘게 채 썰어 준비한다. 
5. 프라이팬에 식용유를 두르고 떡갈비 반죽을 펼쳐 굽는다. 
6. 구워진 빵 위에 상추를 깔고 패티를 올린다. 
7. 그 위에 케첩, 떡갈비 패티, 치즈, 떡갈비 패티 순으로 올려준다. 
8. 채 썬 양파를 올리고 마요네즈를 뿌려 빵으로 덮어 완성한다.",https://www.youtube.com/watch?v=GpEiUb20IFo&list=PLoABXt5mipg6mIdGKBuJlv5tmQFAQ3OYr&index=186
공심채볶음,,공심채@100g$홍고추@1개(15g)$물@1/3컵(60g)$만능 볶음요리 소스@3큰술(30g)$,"1. 대파는 송송 썰고 홍고추는 어슷썰어 준비한다. 
2. 공심채는 10cm정도로 썰어 준비한다. 
3. 프라이팬에 물, 만능볶음요리소스를 넣어 졸여준다. 
4. 양념장이 절반으로 졸아들면 공심채, 홍고추를 넣어 볶아 완성한다. 
한식을 사랑하는 외국인분들을 위해 외국어 자막을 첨부하였습니다. 
본 영상의 자막은 통합 언어 플랫폼 ‘플리토’와 함께 합니다.",https://www.youtube.com/watch?v=bMLfohWNsvQ&list=PLoABXt5mipg6mIdGKBuJlv5tmQFAQ3OYr&index=195
초간단 마파두부,,두부@1과1/2컵(180g)$간 마늘@1/2큰술(8g)$쪽파@1큰술(5g)$대파@1큰술(10g)$간 돼지고기@1/2컵(80g)$물@1/2컵(90g)$물(전분물용)@1/5컵(40g)$전분가루@1/5큰술(2g)$만능양념장@1/2컵(100g)$된장@1큰술(15g)$식용유@2큰술(15g)$참기름@1큰술(7g)$,"1. 두부는 사방 1.5cm 정도로 깍둑썰기하여 준비한다. 
2. 쪽파, 대파는 송송 썰어 준비한다. 
3. 프라이팬에 식용유를 두른 후 중불에서 파를 볶는다. 
4. 파가 익기 시작하면 돼지고기를 넣고 풀어가면서 볶아준다. 
5. 고기가 노릇하게 익으면 물, 만능양념장, 된장을 넣어 풀어준다. 
6. 된장이 풀리면 잘라 둔 두부를 넣는다. 
7. 전분가루에 물을 섞어 마파두부에 넣고 골고루 섞어준다. 
8. 참기름을 두르고 쪽파를 뿌려 완성한다.",https://www.youtube.com/watch?v=BqxpjY7TJ8g&list=PLoABXt5mipg6mIdGKBuJlv5tmQFAQ3OYr&index=200
무말랭이김밥,,김@1장$밥@150g$무말랭이@1컵(60g)$황설탕@2큰술(20g)$진간장@2큰술(20g)$간마늘@1큰술(15g)$물엿@1큰술(10g)$식용유@1큰술(7g)$물@1과2/3컵(300ml)$단무지@1줄$당근채@적당량$시금치@1줄$달걀@1줄$구운어묵@1장$,"1. 무말랭이는 물에 30분이상 불려 준비한다. 
2. 불린 무말랭이의 물기를 제거한다. 
3. 냄비에 불린 무말랭이, 진간장, 황설탕, 식용유, 간마늘, 물엿, 물을 넣고 윤기나게 졸여준다. 
4. 김에 밥을 얇게 펼친 후 단무지, 당근, 시금치, 달걀, 어묵, 무말랭이를 넣어 말아준다. 
5. 완성된 김밥을 먹기 좋은 크기로 잘라 완성한다.",https://www.youtube.com/watch?v=jeBMJGNgZ34&list=PLoABXt5mipg6mIdGKBuJlv5tmQFAQ3OYr&index=201
파무침,,고추장@2큰술(40g)$설탕@1큰술(10g)$식초@1큰술(10g)$맛술@1큰술(10g)$참기름@적당량$고운고춧가루@1/2큰술(2g)$파채@적당량$,"1. 볼에 고추장, 설탕, 식초를 넣어 초고추장을 만든다. 
2. 맛술을 이용하여 농도를 맞춰준다. 
3. 큰 볼에 파채를 넣은 후 초고추장을 넣어 버무린다. 
4. 고춧가루를 넣어 색을 맞춰 완성한다.",https://www.youtube.com/watch?v=KoBx7EEBohM&list=PLoABXt5mipg6mIdGKBuJlv5tmQFAQ3OYr&index=202
소시지김밥,,김@1장$김밥용 밥@150g$단무지@1줄$게맛살@1줄$우엉조림@1줄$프랑크소시지@1개$식용유@적당량$참기름@적당량$,"1. 프랑크소시지는 1/2로 길게 잘라 준비한다. 
2. 프라이팬에 식용유를 두른 후 소시지를 구워준다. 
3. 김 위에 밥을 2/3 정도까지 얇게 깔아준 후 준비 한 재료를 올려 말아준다. 
4. 참기름을 바른 후 먹기 좋은 크기로 잘라 완성한다.",https://www.youtube.com/watch?v=10fl2mebYHs&list=PLoABXt5mipg6mIdGKBuJlv5tmQFAQ3OYr&index=205
햄 치즈 버전 토스트,,식빵@2장$달걀@2개$양배추@1/3컵(30g)$대파@1/3컵(30g)$당근@1/2큰술(5g)$슬라이스햄@2장$슬라이스치즈@2장$황설탕@2큰술 (20g)$꽃소금@적당량$마가린@적당량$,"1. 양배추는 가늘게 채 썰고 대파는 송송 썰어 준비한다. 
2. 당근은 잘게 썰어 준비한다. 
3. 컵에 달걀 2개를 잘 풀어준 후 양배추, 당근, 대파, 소금을 넣어 섞는다. 
4. 프라이팬에 마가린을 두르고 달걀물을 부은 후 식빵 2장을 올려 익힌다. 
5. 달걀이 익으면 뒤집어 프라이팬에 마가린을 둘러 가며 식빵을 구워준다. 
6. 프라이팬 한 쪽에서 슬라이스 햄을 노릇하게 구워 달걀 위에 올려준다. 
7. 슬라이스 햄 위에 슬라이스 치즈를 올린다. 
8. 황설탕을 치즈 위에 골고루 뿌려 준 후 반으로 접어준다. 
9. 빵이 노릇해지면 완성 그릇에 옮겨 담아 반으로 자른다.",https://www.youtube.com/watch?v=z-XcuZL80Lc&list=PLoABXt5mipg6mIdGKBuJlv5tmQFAQ3OYr&index=206
사과 홍차,,홍차티백@2개$물@2컵(400g)$사과조림@1과1/2큰술(30g)$황설탕@1과1/2큰술(15g)$,"1. 냄비에 물을 넣고 홍차티백을 넣어 끓인다. 
2. 홍차가 우러나면 티백을 제거하고 사과조림을 넣어 섞어준다. 
3. 간을 본 후 황설탕을 넣어 당도를 조절한다. 
4. 끓여진 애플티를 컵에 옮겨 담아 완성한다.",https://www.youtube.com/watch?v=iIL1QMXCoDM&list=PLoABXt5mipg6mIdGKBuJlv5tmQFAQ3OYr&index=207
삼겹살 볶음밥,,밥@1공기(200g)$삼겹살@100g$대파@1/2컵(40g)$당근@1/4컵(20g)$식용유@1큰술(10g)$진간장@1큰술(10g)$달걀@1개(60g)$맛소금@1g$,"1. 대파는 송송 썰고, 당근은 잘게 썰어 준비한다. 
2. 삼겹살은 세로로 잘게 썰어둔다. 
3. 프라이팬에 기름을 약간만 두른 후 삼겹살을 넣어 볶아준다. 
4. 돼지기름이 나오면 한쪽으로 몰아준 후 당근을 넣어 볶는다. 
5. 당근이 절반 정도 익으면 대파를 넣어 볶은 후 삼겹살과 섞어준다. 
6. 섞은 재료를 프라이팬 한쪽으로 몰아준 후 기름이 없는 쪽에 간장을 넣어 눌어붙게 끓여준다. 
7. 눌어붙은 간장을 볶은 채소, 볶은 삼겹살과 볶아준 후 불을 끄고 맛소금을 넣어준다. 
8. 밥을 넣어 국자를 이용하여 비벼준 후 센 불에 올려 볶아 완성 그릇에 담는다. 
9. 밥을 볶은 프라이팬에 기름을 두르고 달걀을 넣어 프라이를 한 후 완성된 볶음밥 위에 올려 마무리한다.",https://www.youtube.com/watch?v=NGjk_1KQGmI&list=PLoABXt5mipg6mIdGKBuJlv5tmQFAQ3OYr&index=208
불맛 달걀볶음밥,,밥@1공기(200g)$대파@1/2컵(40g)$달걀@2개(120g)$식용유@4큰술(40g)$진간장@1/2큰술(5g)$MSG@1/4큰술(2g)$맛소금@1g$,"1. 대파는 송송 썰어 준비한다. 
2. 프라이팬에 식용유, 대파를 넣어 파 기름을 내고 노릇해지면 한쪽으로 몰아둔다. 
3. 다른 한쪽에 달걀을 넣어 스크램블 한다. 
4. 재료가 없는 쪽에 간장을 넣어 눌어붙도록 끓여주고 스크램블 한 달걀, 볶은 대파와 섞어준다. 
5. 달걀, 대파가 골고루 섞이면 맛소금, 밥을 넣고 불을 끈 후 국자를 이용하여 섞어준다. 
6. 밥이 골고루 섞이면 센 불에 올려 볶는다.  
7. 기호에 따라 MSG를 넣어 볶은 후 완성한다.",https://www.youtube.com/watch?v=kR77WlHRZrs&list=PLoABXt5mipg6mIdGKBuJlv5tmQFAQ3OYr&index=209
액젓을 이용한 방법,,무@1/2개(700g)$고운 고춧가루@1/4컵(20g)$황설탕@2큰술(20g)$간마늘@1큰술(20g)$식초@1/4컵(40g)$대파@1컵(80g)$깨소금@1큰술(5g)$멸치액젓@1/3컵(65g)$꽃소금@적당량$,"1. 무는 깨끗하게 세척하여 껍질을 제거한다. 
2. 무는 채 칼을 이용하여 일정한 두께로 썰어 준비한다. 
2. 대파는 송송 썰어 준비한다. 
3. 채 썬 무에 멸치액젓, 황설탕, 고운 고춧가루, 간 마늘, 식초, 대파, 꽃소금, 깨소금을 넣고 잘 버무려준다. 
4. 부족한 간은 소금을 넣어가며 맞춰 완성한다. 
* 수저, 컵의 크기에 따라 계량이 달라질 수 있으니, 정확한 계량을 원하시는 분은 정량에 표기된 g(그램)으로 계량하여 주시기 바랍니다.",https://www.youtube.com/watch?v=dXN1dlsYdJI&list=PLoABXt5mipg6mIdGKBuJlv5tmQFAQ3OYr&index=210
애플고르곤졸라피자,,또띠아(20cm)@1장(45g)$사과조림@1컵(180g)$모짜렐라치즈@1컵(110g)$물@2큰술(10g)$고르곤졸라치즈@적당량$파슬리가루@적당량$,"1. 프라이팬은 약불에서 예열한다. 
2. 또띠아에 사과조림을 넓게 펼친다. 
3. 모짜렐라치즈를 사과조림 위에 골고루 뿌려준다.. 
4. 고르곤졸라 치즈를 잘게 잘라 모짜렐라치즈 위에 올려준다. 
5. 예열 된 프라이팬에 물을 2큰술을 넣는다. 
6. 토핑 한 피자를 프라이팬에 넣는다. 
7. 가장 약한 불에서 뚜껑을 덮고 치즈가 녹을 정도까지 구워준다. 
8. 완성 접시에 꺼내 파슬리가루를 뿌려 완성한다.",https://www.youtube.com/watch?v=jVH2k4yNi4o&list=PLoABXt5mipg6mIdGKBuJlv5tmQFAQ3OYr&index=211
사과조림 프렌치토스트,,달걀@1개(60g)$우유@1/3컵(60g)$식빵@1개$소금@1꼬집$스틱버터(토스트용)@1/4개(20g)$스틱버터(토핑용)@1/8개(10g)$사과조림@1큰술(30g)$,"1. 유리 볼에 달걀을 넣어 잘 풀어준다. 
2. 달걀이 풀어지면 우유, 소금을 넣어 섞는다. 
3. 식빵을 달걀물을 담가 충분히 적신다. 
4. 프라이팬에 토스트용 버터를 두르고 식빵을 올려 중불에서 노릇하게 구워준다. 
5. 완성 접시에 옮겨 담고 사과조림, 토핑용 버터를 곁들인다.",https://www.youtube.com/watch?v=1vfJqpklDSI&list=PLoABXt5mipg6mIdGKBuJlv5tmQFAQ3OYr&index=212
족발덮밥,,"*족발덮밥 재료
족발@3컵(400g)$간장@1/3컵(60g)$황설탕@1/3컵(45g)$양파@1컵(120g)$삶은달걀@3개(180g)$밥@200g$물@2L$
*덮밥 소스 재료
양파@1/4컵(30g)$깐마늘@2개(14g)$홍고추@1개(12g)$청양고추@1개(7g)$액젓@2큰술(18g)$설탕@3큰술(30g)$식초@2큰술(20g)$","*족발 덮밥 만드는 법 
1. 족발은 살을 발라 잘게 썰어 준비한다. 
2. 양파는 잘게 다진다. 
3. 달걀은 껍질을 제거하여 준비한다. 
4. 냄비에 족발, 간장, 황설탕, 양파, 물 1L(재료가 잠길 정도)를 넣고 끓인다. 
5. 육수가 ½ 정도로 졸아들면 물 500ml를 추가하여 끓인다. 
6. 또 한 번 육수가 ½ 정도로 졸아들면 물 500ml를 추가하고 달걀을 넣어 끓인다. 
7. 족발이 부드러워지면 강불로 키워 5분 정도 졸인 후 불을 끈다. 
8. 완성 그릇에 밥, 졸인 족발, 졸인 달걀을 담고 완성한다. 
※ 물양은 냄비의 크기와 화력에 따라 가감한다. 
*덮밥 소스 만드는 법 
1. 양파, 깐 마늘은 세척하여 잘게 다진다. 
2. 홍고추, 청양고추는 세척하여 반으로 갈라 잘게 썰어 다진다. 
3. 그릇에 다진 재료들과 액젓, 설탕, 식초를 넣고 섞어 완성한다.",https://www.youtube.com/watch?v=C3W_z8TTCDw&list=PLoABXt5mipg6mIdGKBuJlv5tmQFAQ3OYr&index=213
한입 치즈 토스트,,식빵@1장$체더슬라이스치즈@2장$설탕@약간$딸기잼@적당량$,"1. 프라이팬에 체더슬라이스치즈를 올리고 설탕을 살짝 뿌린다. 
2. 치즈의 가장자리가 녹기 시작하면 식빵을 올려준다. 
3. 식빵에 치즈가 붙으면 뒤집어 뒷면에도 치즈가 묻을 수 있도록 한다. 
4. 토스트를 도마 위에 꺼낸 후 딸기잼을 바르고 비닐 또는 랩을 이용하여 토스트를 말아 열기를 식혀준다. 
5. 모양이 잡힌 토스트를 1~2cm 정도로 잘라 완성한다.",https://www.youtube.com/watch?v=fD4wD3GTJq4&list=PLoABXt5mipg6mIdGKBuJlv5tmQFAQ3OYr&index=214
잡채,1,당면@250g$시금치@150g$돼지고기(잡채용)@2/3컵(110g)$건 목이버섯@1/2컵(3g)$양파@2컵(180g)$대파@2/3컵(40g)$당근@2/3컵(40g)$진간장@4큰술(30g)$황설탕@2큰술(22g)$참기름@4큰술(25g)$간 마늘@1/2큰술(15g)$식용유@4큰술(25g)$꽃소금@1/3큰술(2g)$통깨@1/2큰술(4g)$MSG@1/3큰술(2g)$후추가루@1g$캐러멜@1g$,"1. 당면을 물에 30분 정도 불린다. 
2. 시금치는 뿌리를 제거하고 한 줄기씩 뜯어 준비한다. 
3. 양파는 결 방향으로 가늘게 채 썬다. 
4. 당근은 채 썰고 대파는 길게 어슷썰기 한다. 
5. 목이버섯은 물에 30분 정도 불려 한 입 크기로 뜯거나 잘라 준비한다. 
6. 프라이팬에 식용유를 1 큰 술 정도 두르고 채 썬 돼지고기를 볶아준다. 
7. 프라이팬에 식용유 1 큰 술 정도 둘러 양파, 후춧가루를 넣어 중불에서 숨이 죽지 않게 볶는다. 
8. 프라이팬에 식용유를 1/2 큰 술 정도 두르고 당근, 소금을 넣어 중불에서 볶는다. 
9. 프라이팬에 식용유를 1/2 큰 술 정도 두르고 목이버섯을 중불에서 볶는다. 
10. 프라이팬에 식용유를 1/3 큰 술 정도 두르고 대파를 중불에서 볶는다.. 
11. 물에 소금을 넣고 끓여 시금치를 12초 정도 데쳐낸다. 
12. 끓는 물에 불린 당면을 넣어 삶고 찬물에 헹궈 준비한다. 
13. 찬물에 헹군 당면의 물기를 충분히 제거하고 가위를 이용하여 먹기 좋게 자른다. 
14. 당면에 볶은 재료, 시금치, 간 마늘을 넣어 골고루 섞어준다. 
15. 설탕, 간장, 소금을 넣어 간을 맞추고 참기름, 후춧가루, MSG, 캐러멜을 넣어 섞는다. 
16. 완성접시에 담은 후 통깨를 뿌려 마무리한다.",https://www.youtube.com/watch?v=DNj3YiaP42s&list=PLoABXt5mipg6mIdGKBuJlv5tmQFAQ3OYr&index=219
전 찌개,,양파@1/3컵(30g)$무@2/3컵(100g)$대파@2/3컵(40g)$홍고추@1/2개(5g)$청양고추@1개(7g)$새우젓@1큰술(25g)$간마늘@1/2큰술(10g)$국간장@1.5큰술(10g)$굵은고춧가루@1큰술(5g)$쌀뜨물@5컵(750g)$두부전@2개(100g)$새우전@5개(30g)$육전@3개(40g)$배추전@5개(40g)$동태전@2개(40g)$호박전@2개(30g)$느타리버섯전@2개(30g)$새송이버섯전@1개(15g)$완자전@2개(40g)$,"1. 무는 사방 3cm 정도로 편 썰기 하고 양파는 굵게 채 썬다. 
2. 대파는 0.5cm 정도로 두껍게 송송 썰어 준비한다. 
3. 청양고추, 홍고추는 줄기를 제거하고 어슷하게 썰어준다. 
4. 낮은 냄비에 무와 쌀뜨물 2.5컵을 넣고 중불에서 끓인다. 
5. 전은 한 입 크기로 먹기 좋게 자른다. 
6. 무가 익으면 불을 끄고 전을 돌려 담고 쌀뜨물 1컵을 추가하여 약불에서 끓인다. 
7. 냄비 가운데에 양파, 대파, 새우젓, 국간장, 간 마늘, 고춧가루를 넣어 간을 맞춘다. 
8. 간이 짭짤하게 맞으면 홍고추, 청양고추를 넣는다. 
9. 마지막에 쌀뜨물 1.5컵 정도를 추가하여 끓어오르면 불을 끄고 마무리한다.",https://www.youtube.com/watch?v=7anwbJ0ZEyA&list=PLoABXt5mipg6mIdGKBuJlv5tmQFAQ3OYr&index=220
순딩이 라면,,라면@1개$런천미트@1/5개 (40g)$소시지@2개 (30g)$달걀@1개 (60g)$대파@1/3컵 (30g)$식용유@1/2컵 (80g)$물@3컵 (540g)$,"1. 런천미트는 0.7cm 두께로 썰어 준비한다. 
2. 소시지는 앞뒤로 칼집을 내어 준비한다. 
3. 대파는 송송 썰어 준비한다. 
4. 팬에 기름을 넉넉하게 두르고 햄, 소세지를 튀기듯이 구워낸다. 
5. 햄, 소시지를 구워낸 팬에 달걀을 넣고 튀기듯이 반숙으로 익혀낸다. 
6. 냄비에 물, 분말스프, 건더기스프를 넣고 끓으면 햄, 소시지를 넣고 끓여준다. 
7. 다시 끓어오르면 라면을 넣고 끓여준다. 
8. 라면이 풀어지면 대파를 넣고 끓여준다. 
9. 완성 그릇에 옮겨 담고 달걀 프라이를 얹어낸다.",https://www.youtube.com/watch?v=QnyzZ_8Kog8&list=PLoABXt5mipg6mIdGKBuJlv5tmQFAQ3OYr&index=222
더 맛있는 냉라면2,,라면@1개$진간장@2큰술 (20g)$황설탕@2큰술 (24g)$식초@2큰술 (20g)$오이@1/3개 (60g)$청양고추@1개 (8g)$게맛살@1개 (20g)$쪽파@1줄 (8g)$단무지@약간 (20g)$정수물@1컵 (190g)$얼음@적당량$,"1. 물, 식초, 황설탕, 진간장, 라면 스프를 넣고 섞어 냉라면 소스를 만들어 준비한다. 
2. 오이, 단무지는 가늘게 채 썰어 준비한다. 
3. 청양고추는 반으로 갈라 잘게 썰고 쪽파는 송송 썰어준다. 
4. 게맛살을 잘게 찢는다 
5. 끓는 물에 면, 건더기 스프를 넣고 삶아낸 뒤 얼음 물에 헹구어 준비한다. 
6. 그릇에 삶아낸 면과 건더기 스프를 담고 냉 라면 소스를 부어준다. 
7. 오이, 게살, 단무지, 청양고추, 쪽파를 올려 완성한다.",https://www.youtube.com/watch?v=lD53g8VjQnU&list=PLoABXt5mipg6mIdGKBuJlv5tmQFAQ3OYr&index=223
냉라면,,라면@1개$양파@1/6개 (40g)$콩나물@2컵 (20g)$진간장@2큰술 (20g)$황설탕@2큰술 (24g)$식초@2큰술 (20g)$정수물@1컵 (190g)$청양고추@1개 (8g)$얼음@적당량$,"1. 콩나물은 가볍게 세척하여 준비한다. 
2. 양파는 가늘게 채 썰어 준비한다. 
3. 청양고추는 반으로 갈라 잘게 썰어준다. 
4. 냄비에 물을 넣어 끓어오르면 콩나물, 면, 건더기 수프, 양파를 넣고 삶아 얼음 물에 헹군다. 
5. 물, 라면 수프, 진간장, 식초, 설탕을 잘 섞어준다. 
6. 청양고추는 육수와 고명에 나눠서 사용한다. 
7. 완성 그릇에 삶아낸 채소와 면을 담고 청양고추를 올린 후 육수를 부어 완성한다.",https://www.youtube.com/watch?v=ny9XkQbN6sI&list=PLoABXt5mipg6mIdGKBuJlv5tmQFAQ3OYr&index=224
